[2026-06-03 10:09:06] DashboardPage.ReceiveWaiterEventsAsync
Type: System.Net.WebSockets.WebSocketException
Message: The remote party closed the WebSocket connection without completing the close handshake.
Stack:    at System.Net.WebSockets.ManagedWebSocket.ReceiveAsyncPrivate[TResult](Memory`1 payloadBuffer, CancellationToken cancellationToken)
   at System.Runtime.CompilerServices.PoolingAsyncValueTaskMethodBuilder`1.StateMachineBox`1.System.Threading.Tasks.Sources.IValueTaskSource<TResult>.GetResult(Int16 token)
   at System.Threading.Tasks.ValueTask`1.ValueTaskSourceAsTask.<>c.<.cctor>b__4_0(Object state)
--- End of stack trace from previous location ---
   at GustoWaiter.Views.DashboardPage.ReceiveWaiterEventsAsync(CancellationToken ct) in C:\Users\Adithya\Desktop\demo1\pos_1st_cut\gusto_pos\GustoWaiter\Views\DashboardPage.xaml.cs:line 62
Inner: Unable to read data from the transport connection: An existing connection was forcibly closed by the remote host..
---
[2026-06-03 10:40:52] DashboardPage.ReceiveWaiterEventsAsync
Type: System.Net.WebSockets.WebSocketException
Message: The remote party closed the WebSocket connection without completing the close handshake.
Stack:    at System.Net.WebSockets.ManagedWebSocket.ThrowEOFUnexpected()
   at System.Net.WebSockets.ManagedWebSocket.EnsureBufferContainsAsync(Int32 minimumRequiredBytes, CancellationToken cancellationToken)
   at System.Runtime.CompilerServices.PoolingAsyncValueTaskMethodBuilder`1.StateMachineBox`1.System.Threading.Tasks.Sources.IValueTaskSource.GetResult(Int16 token)
   at System.Net.WebSockets.ManagedWebSocket.ReceiveAsyncPrivate[TResult](Memory`1 payloadBuffer, CancellationToken cancellationToken)
   at System.Runtime.CompilerServices.PoolingAsyncValueTaskMethodBuilder`1.StateMachineBox`1.System.Threading.Tasks.Sources.IValueTaskSource<TResult>.GetResult(Int16 token)
   at System.Threading.Tasks.ValueTask`1.ValueTaskSourceAsTask.<>c.<.cctor>b__4_0(Object state)
--- End of stack trace from previous location ---
   at GustoWaiter.Views.DashboardPage.ReceiveWaiterEventsAsync(CancellationToken ct) in C:\Users\Adithya\Desktop\demo1\pos_1st_cut\gusto_pos\GustoWaiter\Views\DashboardPage.xaml.cs:line 62
Inner: none
---
[2026-06-03 10:56:07] DashboardPage.ReceiveWaiterEventsAsync
Type: System.Net.WebSockets.WebSocketException
Message: The remote party closed the WebSocket connection without completing the close handshake.
Stack:    at System.Net.WebSockets.ManagedWebSocket.ThrowEOFUnexpected()
   at System.Net.WebSockets.ManagedWebSocket.EnsureBufferContainsAsync(Int32 minimumRequiredBytes, CancellationToken cancellationToken)
   at System.Runtime.CompilerServices.PoolingAsyncValueTaskMethodBuilder`1.StateMachineBox`1.System.Threading.Tasks.Sources.IValueTaskSource.GetResult(Int16 token)
   at System.Net.WebSockets.ManagedWebSocket.ReceiveAsyncPrivate[TResult](Memory`1 payloadBuffer, CancellationToken cancellationToken)
   at System.Runtime.CompilerServices.PoolingAsyncValueTaskMethodBuilder`1.StateMachineBox`1.System.Threading.Tasks.Sources.IValueTaskSource<TResult>.GetResult(Int16 token)
   at System.Threading.Tasks.ValueTask`1.ValueTaskSourceAsTask.<>c.<.cctor>b__4_0(Object state)
--- End of stack trace from previous location ---
   at GustoWaiter.Views.DashboardPage.ReceiveWaiterEventsAsync(CancellationToken ct) in C:\Users\Adithya\Desktop\demo1\pos_1st_cut\gusto_pos\GustoWaiter\Views\DashboardPage.xaml.cs:line 62
Inner: none
---
[2026-06-03 12:27:38] DashboardPage.ReceiveWaiterEventsAsync
Type: System.Net.WebSockets.WebSocketException
Message: The remote party closed the WebSocket connection without completing the close handshake.
Stack:    at System.Net.WebSockets.ManagedWebSocket.ReceiveAsyncPrivate[TResult](Memory`1 payloadBuffer, CancellationToken cancellationToken)
   at System.Runtime.CompilerServices.PoolingAsyncValueTaskMethodBuilder`1.StateMachineBox`1.System.Threading.Tasks.Sources.IValueTaskSource<TResult>.GetResult(Int16 token)
   at System.Threading.Tasks.ValueTask`1.ValueTaskSourceAsTask.<>c.<.cctor>b__4_0(Object state)
--- End of stack trace from previous location ---
   at GustoWaiter.Views.DashboardPage.ReceiveWaiterEventsAsync(CancellationToken ct) in C:\Users\Adithya\Desktop\demo1\pos_1st_cut\gusto_pos\GustoWaiter\Views\DashboardPage.xaml.cs:line 62
Inner: Unable to read data from the transport connection: An existing connection was forcibly closed by the remote host..
---
[2026-06-03 13:17:24] DashboardPage.ReceiveWaiterEventsAsync
Type: System.Net.WebSockets.WebSocketException
Message: The remote party closed the WebSocket connection without completing the close handshake.
Stack:    at System.Net.WebSockets.ManagedWebSocket.ThrowEOFUnexpected()
   at System.Net.WebSockets.ManagedWebSocket.EnsureBufferContainsAsync(Int32 minimumRequiredBytes, CancellationToken cancellationToken)
   at System.Runtime.CompilerServices.PoolingAsyncValueTaskMethodBuilder`1.StateMachineBox`1.System.Threading.Tasks.Sources.IValueTaskSource.GetResult(Int16 token)
   at System.Net.WebSockets.ManagedWebSocket.ReceiveAsyncPrivate[TResult](Memory`1 payloadBuffer, CancellationToken cancellationToken)
   at System.Runtime.CompilerServices.PoolingAsyncValueTaskMethodBuilder`1.StateMachineBox`1.System.Threading.Tasks.Sources.IValueTaskSource<TResult>.GetResult(Int16 token)
   at System.Threading.Tasks.ValueTask`1.ValueTaskSourceAsTask.<>c.<.cctor>b__4_0(Object state)
--- End of stack trace from previous location ---
   at GustoWaiter.Views.DashboardPage.ReceiveWaiterEventsAsync(CancellationToken ct) in C:\Users\Adithya\Desktop\demo1\pos_1st_cut\gusto_pos\GustoWaiter\Views\DashboardPage.xaml.cs:line 62
Inner: none
---
[2026-06-03 23:08:23] App.CheckBackendConnectivity
Type: System.Threading.Tasks.TaskCanceledException
Message: The request was canceled due to the configured HttpClient.Timeout of 3 seconds elapsing.
Stack:    at System.Net.Http.HttpClient.HandleFailure(Exception e, Boolean telemetryStarted, HttpResponseMessage response, CancellationTokenSource cts, CancellationToken cancellationToken, CancellationTokenSource pendingRequestsCts)
   at System.Net.Http.HttpClient.<SendAsync>g__Core|83_0(HttpRequestMessage request, HttpCompletionOption completionOption, CancellationTokenSource cts, Boolean disposeCts, CancellationTokenSource pendingRequestsCts, CancellationToken originalCancellationToken)
   at GustoWaiter.App.CheckBackendConnectivity() in C:\Users\Adithya\Desktop\demo1\pos_1st_cut\gusto_pos\GustoWaiter\App.xaml.cs:line 15
Inner: A task was canceled.
---
[2026-06-03 23:31:54] DashboardPage.ReceiveWaiterEventsAsync
Type: System.Net.WebSockets.WebSocketException
Message: The remote party closed the WebSocket connection without completing the close handshake.
Stack:    at System.Net.WebSockets.ManagedWebSocket.ThrowEOFUnexpected()
   at System.Net.WebSockets.ManagedWebSocket.EnsureBufferContainsAsync(Int32 minimumRequiredBytes, CancellationToken cancellationToken)
   at System.Runtime.CompilerServices.PoolingAsyncValueTaskMethodBuilder`1.StateMachineBox`1.System.Threading.Tasks.Sources.IValueTaskSource.GetResult(Int16 token)
   at System.Net.WebSockets.ManagedWebSocket.ReceiveAsyncPrivate[TResult](Memory`1 payloadBuffer, CancellationToken cancellationToken)
   at System.Runtime.CompilerServices.PoolingAsyncValueTaskMethodBuilder`1.StateMachineBox`1.System.Threading.Tasks.Sources.IValueTaskSource<TResult>.GetResult(Int16 token)
   at System.Threading.Tasks.ValueTask`1.ValueTaskSourceAsTask.<>c.<.cctor>b__4_0(Object state)
--- End of stack trace from previous location ---
   at GustoWaiter.Views.DashboardPage.ReceiveWaiterEventsAsync(CancellationToken ct) in C:\Users\Adithya\Desktop\demo1\pos_1st_cut\gusto_pos\GustoWaiter\Views\DashboardPage.xaml.cs:line 62
Inner: none
---
[2026-06-03 23:48:01] DashboardPage.ReceiveWaiterEventsAsync
Type: System.Net.WebSockets.WebSocketException
Message: The remote party closed the WebSocket connection without completing the close handshake.
Stack:    at System.Net.WebSockets.ManagedWebSocket.ThrowEOFUnexpected()
   at System.Net.WebSockets.ManagedWebSocket.EnsureBufferContainsAsync(Int32 minimumRequiredBytes, CancellationToken cancellationToken)
   at System.Runtime.CompilerServices.PoolingAsyncValueTaskMethodBuilder`1.StateMachineBox`1.System.Threading.Tasks.Sources.IValueTaskSource.GetResult(Int16 token)
   at System.Net.WebSockets.ManagedWebSocket.ReceiveAsyncPrivate[TResult](Memory`1 payloadBuffer, CancellationToken cancellationToken)
   at System.Runtime.CompilerServices.PoolingAsyncValueTaskMethodBuilder`1.StateMachineBox`1.System.Threading.Tasks.Sources.IValueTaskSource<TResult>.GetResult(Int16 token)
   at System.Threading.Tasks.ValueTask`1.ValueTaskSourceAsTask.<>c.<.cctor>b__4_0(Object state)
--- End of stack trace from previous location ---
   at GustoWaiter.Views.DashboardPage.ReceiveWaiterEventsAsync(CancellationToken ct) in C:\Users\Adithya\Desktop\demo1\pos_1st_cut\gusto_pos\GustoWaiter\Views\DashboardPage.xaml.cs:line 62
Inner: none
---
[2026-06-03 23:56:41] DashboardPage.ReceiveWaiterEventsAsync
Type: System.Net.WebSockets.WebSocketException
Message: The remote party closed the WebSocket connection without completing the close handshake.
Stack:    at System.Net.WebSockets.ManagedWebSocket.ThrowEOFUnexpected()
   at System.Net.WebSockets.ManagedWebSocket.EnsureBufferContainsAsync(Int32 minimumRequiredBytes, CancellationToken cancellationToken)
   at System.Runtime.CompilerServices.PoolingAsyncValueTaskMethodBuilder`1.StateMachineBox`1.System.Threading.Tasks.Sources.IValueTaskSource.GetResult(Int16 token)
   at System.Net.WebSockets.ManagedWebSocket.ReceiveAsyncPrivate[TResult](Memory`1 payloadBuffer, CancellationToken cancellationToken)
   at System.Runtime.CompilerServices.PoolingAsyncValueTaskMethodBuilder`1.StateMachineBox`1.System.Threading.Tasks.Sources.IValueTaskSource<TResult>.GetResult(Int16 token)
   at System.Threading.Tasks.ValueTask`1.ValueTaskSourceAsTask.<>c.<.cctor>b__4_0(Object state)
--- End of stack trace from previous location ---
   at GustoWaiter.Views.DashboardPage.ReceiveWaiterEventsAsync(CancellationToken ct) in C:\Users\Adithya\Desktop\demo1\pos_1st_cut\gusto_pos\GustoWaiter\Views\DashboardPage.xaml.cs:line 62
Inner: none
---
[2026-06-04 00:09:13] DashboardPage.ReceiveWaiterEventsAsync
Type: System.Net.WebSockets.WebSocketException
Message: The remote party closed the WebSocket connection without completing the close handshake.
Stack:    at System.Net.WebSockets.ManagedWebSocket.ThrowEOFUnexpected()
   at System.Net.WebSockets.ManagedWebSocket.EnsureBufferContainsAsync(Int32 minimumRequiredBytes, CancellationToken cancellationToken)
   at System.Runtime.CompilerServices.PoolingAsyncValueTaskMethodBuilder`1.StateMachineBox`1.System.Threading.Tasks.Sources.IValueTaskSource.GetResult(Int16 token)
   at System.Net.WebSockets.ManagedWebSocket.ReceiveAsyncPrivate[TResult](Memory`1 payloadBuffer, CancellationToken cancellationToken)
   at System.Runtime.CompilerServices.PoolingAsyncValueTaskMethodBuilder`1.StateMachineBox`1.System.Threading.Tasks.Sources.IValueTaskSource<TResult>.GetResult(Int16 token)
   at System.Threading.Tasks.ValueTask`1.ValueTaskSourceAsTask.<>c.<.cctor>b__4_0(Object state)
--- End of stack trace from previous location ---
   at GustoWaiter.Views.DashboardPage.ReceiveWaiterEventsAsync(CancellationToken ct) in C:\Users\Adithya\Desktop\demo1\pos_1st_cut\gusto_pos\GustoWaiter\Views\DashboardPage.xaml.cs:line 62
Inner: none
---
[2026-06-04 00:43:52] DashboardPage.ReceiveWaiterEventsAsync
Type: System.Net.WebSockets.WebSocketException
Message: The remote party closed the WebSocket connection without completing the close handshake.
Stack:    at System.Net.WebSockets.ManagedWebSocket.ThrowEOFUnexpected()
   at System.Net.WebSockets.ManagedWebSocket.EnsureBufferContainsAsync(Int32 minimumRequiredBytes, CancellationToken cancellationToken)
   at System.Runtime.CompilerServices.PoolingAsyncValueTaskMethodBuilder`1.StateMachineBox`1.System.Threading.Tasks.Sources.IValueTaskSource.GetResult(Int16 token)
   at System.Net.WebSockets.ManagedWebSocket.ReceiveAsyncPrivate[TResult](Memory`1 payloadBuffer, CancellationToken cancellationToken)
   at System.Runtime.CompilerServices.PoolingAsyncValueTaskMethodBuilder`1.StateMachineBox`1.System.Threading.Tasks.Sources.IValueTaskSource<TResult>.GetResult(Int16 token)
   at System.Threading.Tasks.ValueTask`1.ValueTaskSourceAsTask.<>c.<.cctor>b__4_0(Object state)
--- End of stack trace from previous location ---
   at GustoWaiter.Views.DashboardPage.ReceiveWaiterEventsAsync(CancellationToken ct) in C:\Users\Adithya\Desktop\demo1\pos_1st_cut\gusto_pos\GustoWaiter\Views\DashboardPage.xaml.cs:line 62
Inner: none
---
[2026-06-04 00:59:51] DashboardPage.ReceiveWaiterEventsAsync
Type: System.Net.WebSockets.WebSocketException
Message: The remote party closed the WebSocket connection without completing the close handshake.
Stack:    at System.Net.WebSockets.ManagedWebSocket.ThrowEOFUnexpected()
   at System.Net.WebSockets.ManagedWebSocket.EnsureBufferContainsAsync(Int32 minimumRequiredBytes, CancellationToken cancellationToken)
   at System.Runtime.CompilerServices.PoolingAsyncValueTaskMethodBuilder`1.StateMachineBox`1.System.Threading.Tasks.Sources.IValueTaskSource.GetResult(Int16 token)
   at System.Net.WebSockets.ManagedWebSocket.ReceiveAsyncPrivate[TResult](Memory`1 payloadBuffer, CancellationToken cancellationToken)
   at System.Runtime.CompilerServices.PoolingAsyncValueTaskMethodBuilder`1.StateMachineBox`1.System.Threading.Tasks.Sources.IValueTaskSource<TResult>.GetResult(Int16 token)
   at System.Threading.Tasks.ValueTask`1.ValueTaskSourceAsTask.<>c.<.cctor>b__4_0(Object state)
--- End of stack trace from previous location ---
   at GustoWaiter.Views.DashboardPage.ReceiveWaiterEventsAsync(CancellationToken ct) in C:\Users\Adithya\Desktop\demo1\pos_1st_cut\gusto_pos\GustoWaiter\Views\DashboardPage.xaml.cs:line 62
Inner: none
---
[2026-06-04 01:15:49] DashboardPage.ReceiveWaiterEventsAsync
Type: System.Net.WebSockets.WebSocketException
Message: The remote party closed the WebSocket connection without completing the close handshake.
Stack:    at System.Net.WebSockets.ManagedWebSocket.ThrowEOFUnexpected()
   at System.Net.WebSockets.ManagedWebSocket.EnsureBufferContainsAsync(Int32 minimumRequiredBytes, CancellationToken cancellationToken)
   at System.Runtime.CompilerServices.PoolingAsyncValueTaskMethodBuilder`1.StateMachineBox`1.System.Threading.Tasks.Sources.IValueTaskSource.GetResult(Int16 token)
   at System.Net.WebSockets.ManagedWebSocket.ReceiveAsyncPrivate[TResult](Memory`1 payloadBuffer, CancellationToken cancellationToken)
   at System.Runtime.CompilerServices.PoolingAsyncValueTaskMethodBuilder`1.StateMachineBox`1.System.Threading.Tasks.Sources.IValueTaskSource<TResult>.GetResult(Int16 token)
   at System.Threading.Tasks.ValueTask`1.ValueTaskSourceAsTask.<>c.<.cctor>b__4_0(Object state)
--- End of stack trace from previous location ---
   at GustoWaiter.Views.DashboardPage.ReceiveWaiterEventsAsync(CancellationToken ct) in C:\Users\Adithya\Desktop\demo1\pos_1st_cut\gusto_pos\GustoWaiter\Views\DashboardPage.xaml.cs:line 62
Inner: none
---
[2026-06-04 01:31:47] DashboardPage.ReceiveWaiterEventsAsync
Type: System.Net.WebSockets.WebSocketException
Message: The remote party closed the WebSocket connection without completing the close handshake.
Stack:    at System.Net.WebSockets.ManagedWebSocket.ThrowEOFUnexpected()
   at System.Net.WebSockets.ManagedWebSocket.EnsureBufferContainsAsync(Int32 minimumRequiredBytes, CancellationToken cancellationToken)
   at System.Runtime.CompilerServices.PoolingAsyncValueTaskMethodBuilder`1.StateMachineBox`1.System.Threading.Tasks.Sources.IValueTaskSource.GetResult(Int16 token)
   at System.Net.WebSockets.ManagedWebSocket.ReceiveAsyncPrivate[TResult](Memory`1 payloadBuffer, CancellationToken cancellationToken)
   at System.Runtime.CompilerServices.PoolingAsyncValueTaskMethodBuilder`1.StateMachineBox`1.System.Threading.Tasks.Sources.IValueTaskSource<TResult>.GetResult(Int16 token)
   at System.Threading.Tasks.ValueTask`1.ValueTaskSourceAsTask.<>c.<.cctor>b__4_0(Object state)
--- End of stack trace from previous location ---
   at GustoWaiter.Views.DashboardPage.ReceiveWaiterEventsAsync(CancellationToken ct) in C:\Users\Adithya\Desktop\demo1\pos_1st_cut\gusto_pos\GustoWaiter\Views\DashboardPage.xaml.cs:line 62
Inner: none
---
[2026-06-04 01:47:35] DashboardPage.ReceiveWaiterEventsAsync
Type: System.Net.WebSockets.WebSocketException
Message: The remote party closed the WebSocket connection without completing the close handshake.
Stack:    at System.Net.WebSockets.ManagedWebSocket.ThrowEOFUnexpected()
   at System.Net.WebSockets.ManagedWebSocket.EnsureBufferContainsAsync(Int32 minimumRequiredBytes, CancellationToken cancellationToken)
   at System.Runtime.CompilerServices.PoolingAsyncValueTaskMethodBuilder`1.StateMachineBox`1.System.Threading.Tasks.Sources.IValueTaskSource.GetResult(Int16 token)
   at System.Net.WebSockets.ManagedWebSocket.ReceiveAsyncPrivate[TResult](Memory`1 payloadBuffer, CancellationToken cancellationToken)
   at System.Runtime.CompilerServices.PoolingAsyncValueTaskMethodBuilder`1.StateMachineBox`1.System.Threading.Tasks.Sources.IValueTaskSource<TResult>.GetResult(Int16 token)
   at System.Threading.Tasks.ValueTask`1.ValueTaskSourceAsTask.<>c.<.cctor>b__4_0(Object state)
--- End of stack trace from previous location ---
   at GustoWaiter.Views.DashboardPage.ReceiveWaiterEventsAsync(CancellationToken ct) in C:\Users\Adithya\Desktop\demo1\pos_1st_cut\gusto_pos\GustoWaiter\Views\DashboardPage.xaml.cs:line 62
Inner: none
---
[2026-06-04 02:03:33] DashboardPage.ReceiveWaiterEventsAsync
Type: System.Net.WebSockets.WebSocketException
Message: The remote party closed the WebSocket connection without completing the close handshake.
Stack:    at System.Net.WebSockets.ManagedWebSocket.ThrowEOFUnexpected()
   at System.Net.WebSockets.ManagedWebSocket.EnsureBufferContainsAsync(Int32 minimumRequiredBytes, CancellationToken cancellationToken)
   at System.Runtime.CompilerServices.PoolingAsyncValueTaskMethodBuilder`1.StateMachineBox`1.System.Threading.Tasks.Sources.IValueTaskSource.GetResult(Int16 token)
   at System.Net.WebSockets.ManagedWebSocket.ReceiveAsyncPrivate[TResult](Memory`1 payloadBuffer, CancellationToken cancellationToken)
   at System.Runtime.CompilerServices.PoolingAsyncValueTaskMethodBuilder`1.StateMachineBox`1.System.Threading.Tasks.Sources.IValueTaskSource<TResult>.GetResult(Int16 token)
   at System.Threading.Tasks.ValueTask`1.ValueTaskSourceAsTask.<>c.<.cctor>b__4_0(Object state)
--- End of stack trace from previous location ---
   at GustoWaiter.Views.DashboardPage.ReceiveWaiterEventsAsync(CancellationToken ct) in C:\Users\Adithya\Desktop\demo1\pos_1st_cut\gusto_pos\GustoWaiter\Views\DashboardPage.xaml.cs:line 62
Inner: none
---
[2026-06-04 02:19:25] DashboardPage.ReceiveWaiterEventsAsync
Type: System.Net.WebSockets.WebSocketException
Message: The remote party closed the WebSocket connection without completing the close handshake.
Stack:    at System.Net.WebSockets.ManagedWebSocket.ThrowEOFUnexpected()
   at System.Net.WebSockets.ManagedWebSocket.EnsureBufferContainsAsync(Int32 minimumRequiredBytes, CancellationToken cancellationToken)
   at System.Runtime.CompilerServices.PoolingAsyncValueTaskMethodBuilder`1.StateMachineBox`1.System.Threading.Tasks.Sources.IValueTaskSource.GetResult(Int16 token)
   at System.Net.WebSockets.ManagedWebSocket.ReceiveAsyncPrivate[TResult](Memory`1 payloadBuffer, CancellationToken cancellationToken)
   at System.Runtime.CompilerServices.PoolingAsyncValueTaskMethodBuilder`1.StateMachineBox`1.System.Threading.Tasks.Sources.IValueTaskSource<TResult>.GetResult(Int16 token)
   at System.Threading.Tasks.ValueTask`1.ValueTaskSourceAsTask.<>c.<.cctor>b__4_0(Object state)
--- End of stack trace from previous location ---
   at GustoWaiter.Views.DashboardPage.ReceiveWaiterEventsAsync(CancellationToken ct) in C:\Users\Adithya\Desktop\demo1\pos_1st_cut\gusto_pos\GustoWaiter\Views\DashboardPage.xaml.cs:line 62
Inner: none
---
[2026-06-04 02:49:20] DashboardPage.ReceiveWaiterEventsAsync
Type: System.Net.WebSockets.WebSocketException
Message: The remote party closed the WebSocket connection without completing the close handshake.
Stack:    at System.Net.WebSockets.ManagedWebSocket.ThrowEOFUnexpected()
   at System.Net.WebSockets.ManagedWebSocket.EnsureBufferContainsAsync(Int32 minimumRequiredBytes, CancellationToken cancellationToken)
   at System.Runtime.CompilerServices.PoolingAsyncValueTaskMethodBuilder`1.StateMachineBox`1.System.Threading.Tasks.Sources.IValueTaskSource.GetResult(Int16 token)
   at System.Net.WebSockets.ManagedWebSocket.ReceiveAsyncPrivate[TResult](Memory`1 payloadBuffer, CancellationToken cancellationToken)
   at System.Runtime.CompilerServices.PoolingAsyncValueTaskMethodBuilder`1.StateMachineBox`1.System.Threading.Tasks.Sources.IValueTaskSource<TResult>.GetResult(Int16 token)
   at System.Threading.Tasks.ValueTask`1.ValueTaskSourceAsTask.<>c.<.cctor>b__4_0(Object state)
--- End of stack trace from previous location ---
   at GustoWaiter.Views.DashboardPage.ReceiveWaiterEventsAsync(CancellationToken ct) in C:\Users\Adithya\Desktop\demo1\pos_1st_cut\gusto_pos\GustoWaiter\Views\DashboardPage.xaml.cs:line 62
Inner: none
---
[2026-06-04 03:05:18] DashboardPage.ReceiveWaiterEventsAsync
Type: System.Net.WebSockets.WebSocketException
Message: The remote party closed the WebSocket connection without completing the close handshake.
Stack:    at System.Net.WebSockets.ManagedWebSocket.ThrowEOFUnexpected()
   at System.Net.WebSockets.ManagedWebSocket.EnsureBufferContainsAsync(Int32 minimumRequiredBytes, CancellationToken cancellationToken)
   at System.Runtime.CompilerServices.PoolingAsyncValueTaskMethodBuilder`1.StateMachineBox`1.System.Threading.Tasks.Sources.IValueTaskSource.GetResult(Int16 token)
   at System.Net.WebSockets.ManagedWebSocket.ReceiveAsyncPrivate[TResult](Memory`1 payloadBuffer, CancellationToken cancellationToken)
   at System.Runtime.CompilerServices.PoolingAsyncValueTaskMethodBuilder`1.StateMachineBox`1.System.Threading.Tasks.Sources.IValueTaskSource<TResult>.GetResult(Int16 token)
   at System.Threading.Tasks.ValueTask`1.ValueTaskSourceAsTask.<>c.<.cctor>b__4_0(Object state)
--- End of stack trace from previous location ---
   at GustoWaiter.Views.DashboardPage.ReceiveWaiterEventsAsync(CancellationToken ct) in C:\Users\Adithya\Desktop\demo1\pos_1st_cut\gusto_pos\GustoWaiter\Views\DashboardPage.xaml.cs:line 62
Inner: none
---
[2026-07-14 17:50:50] DashboardPage.ReceiveWaiterEventsAsync
Type: System.Net.WebSockets.WebSocketException
Message: The remote party closed the WebSocket connection without completing the close handshake.
Stack:    at System.Net.WebSockets.ManagedWebSocket.ReceiveAsyncPrivate[TResult](Memory`1 payloadBuffer, CancellationToken cancellationToken)
   at System.Runtime.CompilerServices.PoolingAsyncValueTaskMethodBuilder`1.StateMachineBox`1.System.Threading.Tasks.Sources.IValueTaskSource<TResult>.GetResult(Int16 token)
   at System.Threading.Tasks.ValueTask`1.ValueTaskSourceAsTask.<>c.<.cctor>b__4_0(Object state)
--- End of stack trace from previous location ---
   at GustoWaiter.Views.DashboardPage.ReceiveWaiterEventsAsync(CancellationToken ct) in C:\Users\Adithya\Desktop\demo1\pos_1st_cut\gusto_pos\GustoWaiter\Views\DashboardPage.xaml.cs:line 62
Inner: Unable to read data from the transport connection: An existing connection was forcibly closed by the remote host..
---
[2026-07-14 17:50:56] DashboardPage.ReceiveWaiterEventsAsync
Type: System.Net.WebSockets.WebSocketException
Message: Unable to connect to the remote server
Stack:    at System.Net.WebSockets.WebSocketHandle.ConnectAsync(Uri uri, HttpMessageInvoker invoker, CancellationToken cancellationToken, ClientWebSocketOptions options)
   at System.Net.WebSockets.ClientWebSocket.ConnectAsyncCore(Uri uri, HttpMessageInvoker invoker, CancellationToken cancellationToken)
   at GustoWaiter.Views.DashboardPage.ReceiveWaiterEventsAsync(CancellationToken ct) in C:\Users\Adithya\Desktop\demo1\pos_1st_cut\gusto_pos\GustoWaiter\Views\DashboardPage.xaml.cs:line 60
Inner: A socket operation was attempted to an unreachable network. (192.168.1.6:8000)
---
[2026-07-14 17:52:03] DashboardPage.ReceiveWaiterEventsAsync
Type: System.Net.WebSockets.WebSocketException
Message: Unable to connect to the remote server
Stack:    at System.Net.WebSockets.WebSocketHandle.ConnectAsync(Uri uri, HttpMessageInvoker invoker, CancellationToken cancellationToken, ClientWebSocketOptions options)
   at System.Net.WebSockets.ClientWebSocket.ConnectAsyncCore(Uri uri, HttpMessageInvoker invoker, CancellationToken cancellationToken)
   at GustoWaiter.Views.DashboardPage.ReceiveWaiterEventsAsync(CancellationToken ct) in C:\Users\Adithya\Desktop\demo1\pos_1st_cut\gusto_pos\GustoWaiter\Views\DashboardPage.xaml.cs:line 60
Inner: No connection could be made because the target machine actively refused it. (192.168.1.6:8000)
---
[2026-07-14 17:52:03] DashboardPage.ReceiveWaiterEventsAsync
Type: System.Net.WebSockets.WebSocketException
Message: Unable to connect to the remote server
Stack:    at System.Net.WebSockets.WebSocketHandle.ConnectAsync(Uri uri, HttpMessageInvoker invoker, CancellationToken cancellationToken, ClientWebSocketOptions options)
   at System.Net.WebSockets.ClientWebSocket.ConnectAsyncCore(Uri uri, HttpMessageInvoker invoker, CancellationToken cancellationToken)
   at GustoWaiter.Views.DashboardPage.ReceiveWaiterEventsAsync(CancellationToken ct) in C:\Users\Adithya\Desktop\demo1\pos_1st_cut\gusto_pos\GustoWaiter\Views\DashboardPage.xaml.cs:line 60
Inner: No connection could be made because the target machine actively refused it. (192.168.1.6:8000)
---
[2026-07-14 17:52:10] DashboardPage.ReceiveWaiterEventsAsync
Type: System.Net.WebSockets.WebSocketException
Message: Unable to connect to the remote server
Stack:    at System.Net.WebSockets.WebSocketHandle.ConnectAsync(Uri uri, HttpMessageInvoker invoker, CancellationToken cancellationToken, ClientWebSocketOptions options)
   at System.Net.WebSockets.ClientWebSocket.ConnectAsyncCore(Uri uri, HttpMessageInvoker invoker, CancellationToken cancellationToken)
   at GustoWaiter.Views.DashboardPage.ReceiveWaiterEventsAsync(CancellationToken ct) in C:\Users\Adithya\Desktop\demo1\pos_1st_cut\gusto_pos\GustoWaiter\Views\DashboardPage.xaml.cs:line 60
Inner: No connection could be made because the target machine actively refused it. (192.168.1.6:8000)
---
[2026-07-14 17:52:11] DashboardPage.ReceiveWaiterEventsAsync
Type: System.Net.WebSockets.WebSocketException
Message: Unable to connect to the remote server
Stack:    at System.Net.WebSockets.WebSocketHandle.ConnectAsync(Uri uri, HttpMessageInvoker invoker, CancellationToken cancellationToken, ClientWebSocketOptions options)
   at System.Net.WebSockets.ClientWebSocket.ConnectAsyncCore(Uri uri, HttpMessageInvoker invoker, CancellationToken cancellationToken)
   at GustoWaiter.Views.DashboardPage.ReceiveWaiterEventsAsync(CancellationToken ct) in C:\Users\Adithya\Desktop\demo1\pos_1st_cut\gusto_pos\GustoWaiter\Views\DashboardPage.xaml.cs:line 60
Inner: No connection could be made because the target machine actively refused it. (192.168.1.6:8000)
---
[2026-07-14 17:52:18] DashboardPage.ReceiveWaiterEventsAsync
Type: System.Net.WebSockets.WebSocketException
Message: Unable to connect to the remote server
Stack:    at System.Net.WebSockets.WebSocketHandle.ConnectAsync(Uri uri, HttpMessageInvoker invoker, CancellationToken cancellationToken, ClientWebSocketOptions options)
   at System.Net.WebSockets.ClientWebSocket.ConnectAsyncCore(Uri uri, HttpMessageInvoker invoker, CancellationToken cancellationToken)
   at GustoWaiter.Views.DashboardPage.ReceiveWaiterEventsAsync(CancellationToken ct) in C:\Users\Adithya\Desktop\demo1\pos_1st_cut\gusto_pos\GustoWaiter\Views\DashboardPage.xaml.cs:line 60
Inner: No connection could be made because the target machine actively refused it. (192.168.1.6:8000)
---
[2026-07-14 17:52:18] DashboardPage.ReceiveWaiterEventsAsync
Type: System.Net.WebSockets.WebSocketException
Message: Unable to connect to the remote server
Stack:    at System.Net.WebSockets.WebSocketHandle.ConnectAsync(Uri uri, HttpMessageInvoker invoker, CancellationToken cancellationToken, ClientWebSocketOptions options)
   at System.Net.WebSockets.ClientWebSocket.ConnectAsyncCore(Uri uri, HttpMessageInvoker invoker, CancellationToken cancellationToken)
   at GustoWaiter.Views.DashboardPage.ReceiveWaiterEventsAsync(CancellationToken ct) in C:\Users\Adithya\Desktop\demo1\pos_1st_cut\gusto_pos\GustoWaiter\Views\DashboardPage.xaml.cs:line 60
Inner: No connection could be made because the target machine actively refused it. (192.168.1.6:8000)
---
[2026-07-14 17:52:25] DashboardPage.ReceiveWaiterEventsAsync
Type: System.Net.WebSockets.WebSocketException
Message: Unable to connect to the remote server
Stack:    at System.Net.WebSockets.WebSocketHandle.ConnectAsync(Uri uri, HttpMessageInvoker invoker, CancellationToken cancellationToken, ClientWebSocketOptions options)
   at System.Net.WebSockets.ClientWebSocket.ConnectAsyncCore(Uri uri, HttpMessageInvoker invoker, CancellationToken cancellationToken)
   at GustoWaiter.Views.DashboardPage.ReceiveWaiterEventsAsync(CancellationToken ct) in C:\Users\Adithya\Desktop\demo1\pos_1st_cut\gusto_pos\GustoWaiter\Views\DashboardPage.xaml.cs:line 60
Inner: No connection could be made because the target machine actively refused it. (192.168.1.6:8000)
---
[2026-07-14 17:52:26] DashboardPage.ReceiveWaiterEventsAsync
Type: System.Net.WebSockets.WebSocketException
Message: Unable to connect to the remote server
Stack:    at System.Net.WebSockets.WebSocketHandle.ConnectAsync(Uri uri, HttpMessageInvoker invoker, CancellationToken cancellationToken, ClientWebSocketOptions options)
   at System.Net.WebSockets.ClientWebSocket.ConnectAsyncCore(Uri uri, HttpMessageInvoker invoker, CancellationToken cancellationToken)
   at GustoWaiter.Views.DashboardPage.ReceiveWaiterEventsAsync(CancellationToken ct) in C:\Users\Adithya\Desktop\demo1\pos_1st_cut\gusto_pos\GustoWaiter\Views\DashboardPage.xaml.cs:line 60
Inner: No connection could be made because the target machine actively refused it. (192.168.1.6:8000)
---
[2026-07-14 17:52:32] DashboardPage.ReceiveWaiterEventsAsync
Type: System.Net.WebSockets.WebSocketException
Message: Unable to connect to the remote server
Stack:    at System.Net.WebSockets.WebSocketHandle.ConnectAsync(Uri uri, HttpMessageInvoker invoker, CancellationToken cancellationToken, ClientWebSocketOptions options)
   at System.Net.WebSockets.ClientWebSocket.ConnectAsyncCore(Uri uri, HttpMessageInvoker invoker, CancellationToken cancellationToken)
   at GustoWaiter.Views.DashboardPage.ReceiveWaiterEventsAsync(CancellationToken ct) in C:\Users\Adithya\Desktop\demo1\pos_1st_cut\gusto_pos\GustoWaiter\Views\DashboardPage.xaml.cs:line 60
Inner: No connection could be made because the target machine actively refused it. (192.168.1.6:8000)
---
[2026-07-14 17:52:33] DashboardPage.ReceiveWaiterEventsAsync
Type: System.Net.WebSockets.WebSocketException
Message: Unable to connect to the remote server
Stack:    at System.Net.WebSockets.WebSocketHandle.ConnectAsync(Uri uri, HttpMessageInvoker invoker, CancellationToken cancellationToken, ClientWebSocketOptions options)
   at System.Net.WebSockets.ClientWebSocket.ConnectAsyncCore(Uri uri, HttpMessageInvoker invoker, CancellationToken cancellationToken)
   at GustoWaiter.Views.DashboardPage.ReceiveWaiterEventsAsync(CancellationToken ct) in C:\Users\Adithya\Desktop\demo1\pos_1st_cut\gusto_pos\GustoWaiter\Views\DashboardPage.xaml.cs:line 60
Inner: No connection could be made because the target machine actively refused it. (192.168.1.6:8000)
---
[2026-07-14 17:52:40] DashboardPage.ReceiveWaiterEventsAsync
Type: System.Net.WebSockets.WebSocketException
Message: Unable to connect to the remote server
Stack:    at System.Net.WebSockets.WebSocketHandle.ConnectAsync(Uri uri, HttpMessageInvoker invoker, CancellationToken cancellationToken, ClientWebSocketOptions options)
   at System.Net.WebSockets.ClientWebSocket.ConnectAsyncCore(Uri uri, HttpMessageInvoker invoker, CancellationToken cancellationToken)
   at GustoWaiter.Views.DashboardPage.ReceiveWaiterEventsAsync(CancellationToken ct) in C:\Users\Adithya\Desktop\demo1\pos_1st_cut\gusto_pos\GustoWaiter\Views\DashboardPage.xaml.cs:line 60
Inner: No connection could be made because the target machine actively refused it. (192.168.1.6:8000)
---
[2026-07-14 17:52:40] DashboardPage.ReceiveWaiterEventsAsync
Type: System.Net.WebSockets.WebSocketException
Message: Unable to connect to the remote server
Stack:    at System.Net.WebSockets.WebSocketHandle.ConnectAsync(Uri uri, HttpMessageInvoker invoker, CancellationToken cancellationToken, ClientWebSocketOptions options)
   at System.Net.WebSockets.ClientWebSocket.ConnectAsyncCore(Uri uri, HttpMessageInvoker invoker, CancellationToken cancellationToken)
   at GustoWaiter.Views.DashboardPage.ReceiveWaiterEventsAsync(CancellationToken ct) in C:\Users\Adithya\Desktop\demo1\pos_1st_cut\gusto_pos\GustoWaiter\Views\DashboardPage.xaml.cs:line 60
Inner: No connection could be made because the target machine actively refused it. (192.168.1.6:8000)
---
[2026-07-14 17:52:47] DashboardPage.ReceiveWaiterEventsAsync
Type: System.Net.WebSockets.WebSocketException
Message: Unable to connect to the remote server
Stack:    at System.Net.WebSockets.WebSocketHandle.ConnectAsync(Uri uri, HttpMessageInvoker invoker, CancellationToken cancellationToken, ClientWebSocketOptions options)
   at System.Net.WebSockets.ClientWebSocket.ConnectAsyncCore(Uri uri, HttpMessageInvoker invoker, CancellationToken cancellationToken)
   at GustoWaiter.Views.DashboardPage.ReceiveWaiterEventsAsync(CancellationToken ct) in C:\Users\Adithya\Desktop\demo1\pos_1st_cut\gusto_pos\GustoWaiter\Views\DashboardPage.xaml.cs:line 60
Inner: No connection could be made because the target machine actively refused it. (192.168.1.6:8000)
---
[2026-07-14 17:52:48] DashboardPage.ReceiveWaiterEventsAsync
Type: System.Net.WebSockets.WebSocketException
Message: Unable to connect to the remote server
Stack:    at System.Net.WebSockets.WebSocketHandle.ConnectAsync(Uri uri, HttpMessageInvoker invoker, CancellationToken cancellationToken, ClientWebSocketOptions options)
   at System.Net.WebSockets.ClientWebSocket.ConnectAsyncCore(Uri uri, HttpMessageInvoker invoker, CancellationToken cancellationToken)
   at GustoWaiter.Views.DashboardPage.ReceiveWaiterEventsAsync(CancellationToken ct) in C:\Users\Adithya\Desktop\demo1\pos_1st_cut\gusto_pos\GustoWaiter\Views\DashboardPage.xaml.cs:line 60
Inner: No connection could be made because the target machine actively refused it. (192.168.1.6:8000)
---
[2026-07-14 17:52:55] DashboardPage.ReceiveWaiterEventsAsync
Type: System.Net.WebSockets.WebSocketException
Message: Unable to connect to the remote server
Stack:    at System.Net.WebSockets.WebSocketHandle.ConnectAsync(Uri uri, HttpMessageInvoker invoker, CancellationToken cancellationToken, ClientWebSocketOptions options)
   at System.Net.WebSockets.ClientWebSocket.ConnectAsyncCore(Uri uri, HttpMessageInvoker invoker, CancellationToken cancellationToken)
   at GustoWaiter.Views.DashboardPage.ReceiveWaiterEventsAsync(CancellationToken ct) in C:\Users\Adithya\Desktop\demo1\pos_1st_cut\gusto_pos\GustoWaiter\Views\DashboardPage.xaml.cs:line 60
Inner: No connection could be made because the target machine actively refused it. (192.168.1.6:8000)
---
[2026-07-14 17:52:55] DashboardPage.ReceiveWaiterEventsAsync
Type: System.Net.WebSockets.WebSocketException
Message: Unable to connect to the remote server
Stack:    at System.Net.WebSockets.WebSocketHandle.ConnectAsync(Uri uri, HttpMessageInvoker invoker, CancellationToken cancellationToken, ClientWebSocketOptions options)
   at System.Net.WebSockets.ClientWebSocket.ConnectAsyncCore(Uri uri, HttpMessageInvoker invoker, CancellationToken cancellationToken)
   at GustoWaiter.Views.DashboardPage.ReceiveWaiterEventsAsync(CancellationToken ct) in C:\Users\Adithya\Desktop\demo1\pos_1st_cut\gusto_pos\GustoWaiter\Views\DashboardPage.xaml.cs:line 60
Inner: No connection could be made because the target machine actively refused it. (192.168.1.6:8000)
---
[2026-07-14 17:53:02] DashboardPage.ReceiveWaiterEventsAsync
Type: System.Net.WebSockets.WebSocketException
Message: Unable to connect to the remote server
Stack:    at System.Net.WebSockets.WebSocketHandle.ConnectAsync(Uri uri, HttpMessageInvoker invoker, CancellationToken cancellationToken, ClientWebSocketOptions options)
   at System.Net.WebSockets.ClientWebSocket.ConnectAsyncCore(Uri uri, HttpMessageInvoker invoker, CancellationToken cancellationToken)
   at GustoWaiter.Views.DashboardPage.ReceiveWaiterEventsAsync(CancellationToken ct) in C:\Users\Adithya\Desktop\demo1\pos_1st_cut\gusto_pos\GustoWaiter\Views\DashboardPage.xaml.cs:line 60
Inner: No connection could be made because the target machine actively refused it. (192.168.1.6:8000)
---
[2026-07-14 17:53:02] DashboardPage.ReceiveWaiterEventsAsync
Type: System.Net.WebSockets.WebSocketException
Message: Unable to connect to the remote server
Stack:    at System.Net.WebSockets.WebSocketHandle.ConnectAsync(Uri uri, HttpMessageInvoker invoker, CancellationToken cancellationToken, ClientWebSocketOptions options)
   at System.Net.WebSockets.ClientWebSocket.ConnectAsyncCore(Uri uri, HttpMessageInvoker invoker, CancellationToken cancellationToken)
   at GustoWaiter.Views.DashboardPage.ReceiveWaiterEventsAsync(CancellationToken ct) in C:\Users\Adithya\Desktop\demo1\pos_1st_cut\gusto_pos\GustoWaiter\Views\DashboardPage.xaml.cs:line 60
Inner: No connection could be made because the target machine actively refused it. (192.168.1.6:8000)
---
[2026-07-14 17:53:09] DashboardPage.ReceiveWaiterEventsAsync
Type: System.Net.WebSockets.WebSocketException
Message: Unable to connect to the remote server
Stack:    at System.Net.WebSockets.WebSocketHandle.ConnectAsync(Uri uri, HttpMessageInvoker invoker, CancellationToken cancellationToken, ClientWebSocketOptions options)
   at System.Net.WebSockets.ClientWebSocket.ConnectAsyncCore(Uri uri, HttpMessageInvoker invoker, CancellationToken cancellationToken)
   at GustoWaiter.Views.DashboardPage.ReceiveWaiterEventsAsync(CancellationToken ct) in C:\Users\Adithya\Desktop\demo1\pos_1st_cut\gusto_pos\GustoWaiter\Views\DashboardPage.xaml.cs:line 60
Inner: No connection could be made because the target machine actively refused it. (192.168.1.6:8000)
---
[2026-07-14 17:53:10] DashboardPage.ReceiveWaiterEventsAsync
Type: System.Net.WebSockets.WebSocketException
Message: Unable to connect to the remote server
Stack:    at System.Net.WebSockets.WebSocketHandle.ConnectAsync(Uri uri, HttpMessageInvoker invoker, CancellationToken cancellationToken, ClientWebSocketOptions options)
   at System.Net.WebSockets.ClientWebSocket.ConnectAsyncCore(Uri uri, HttpMessageInvoker invoker, CancellationToken cancellationToken)
   at GustoWaiter.Views.DashboardPage.ReceiveWaiterEventsAsync(CancellationToken ct) in C:\Users\Adithya\Desktop\demo1\pos_1st_cut\gusto_pos\GustoWaiter\Views\DashboardPage.xaml.cs:line 60
Inner: No connection could be made because the target machine actively refused it. (192.168.1.6:8000)
---
[2026-07-14 17:53:17] DashboardPage.ReceiveWaiterEventsAsync
Type: System.Net.WebSockets.WebSocketException
Message: Unable to connect to the remote server
Stack:    at System.Net.WebSockets.WebSocketHandle.ConnectAsync(Uri uri, HttpMessageInvoker invoker, CancellationToken cancellationToken, ClientWebSocketOptions options)
   at System.Net.WebSockets.ClientWebSocket.ConnectAsyncCore(Uri uri, HttpMessageInvoker invoker, CancellationToken cancellationToken)
   at GustoWaiter.Views.DashboardPage.ReceiveWaiterEventsAsync(CancellationToken ct) in C:\Users\Adithya\Desktop\demo1\pos_1st_cut\gusto_pos\GustoWaiter\Views\DashboardPage.xaml.cs:line 60
Inner: No connection could be made because the target machine actively refused it. (192.168.1.6:8000)
---
[2026-07-14 17:53:17] DashboardPage.ReceiveWaiterEventsAsync
Type: System.Net.WebSockets.WebSocketException
Message: Unable to connect to the remote server
Stack:    at System.Net.WebSockets.WebSocketHandle.ConnectAsync(Uri uri, HttpMessageInvoker invoker, CancellationToken cancellationToken, ClientWebSocketOptions options)
   at System.Net.WebSockets.ClientWebSocket.ConnectAsyncCore(Uri uri, HttpMessageInvoker invoker, CancellationToken cancellationToken)
   at GustoWaiter.Views.DashboardPage.ReceiveWaiterEventsAsync(CancellationToken ct) in C:\Users\Adithya\Desktop\demo1\pos_1st_cut\gusto_pos\GustoWaiter\Views\DashboardPage.xaml.cs:line 60
Inner: No connection could be made because the target machine actively refused it. (192.168.1.6:8000)
---
[2026-07-14 17:53:25] DashboardPage.ReceiveWaiterEventsAsync
Type: System.Net.WebSockets.WebSocketException
Message: Unable to connect to the remote server
Stack:    at System.Net.WebSockets.WebSocketHandle.ConnectAsync(Uri uri, HttpMessageInvoker invoker, CancellationToken cancellationToken, ClientWebSocketOptions options)
   at System.Net.WebSockets.ClientWebSocket.ConnectAsyncCore(Uri uri, HttpMessageInvoker invoker, CancellationToken cancellationToken)
   at GustoWaiter.Views.DashboardPage.ReceiveWaiterEventsAsync(CancellationToken ct) in C:\Users\Adithya\Desktop\demo1\pos_1st_cut\gusto_pos\GustoWaiter\Views\DashboardPage.xaml.cs:line 60
Inner: No connection could be made because the target machine actively refused it. (192.168.1.6:8000)
---
[2026-07-14 17:53:25] DashboardPage.ReceiveWaiterEventsAsync
Type: System.Net.WebSockets.WebSocketException
Message: Unable to connect to the remote server
Stack:    at System.Net.WebSockets.WebSocketHandle.ConnectAsync(Uri uri, HttpMessageInvoker invoker, CancellationToken cancellationToken, ClientWebSocketOptions options)
   at System.Net.WebSockets.ClientWebSocket.ConnectAsyncCore(Uri uri, HttpMessageInvoker invoker, CancellationToken cancellationToken)
   at GustoWaiter.Views.DashboardPage.ReceiveWaiterEventsAsync(CancellationToken ct) in C:\Users\Adithya\Desktop\demo1\pos_1st_cut\gusto_pos\GustoWaiter\Views\DashboardPage.xaml.cs:line 60
Inner: No connection could be made because the target machine actively refused it. (192.168.1.6:8000)
---
[2026-07-14 17:53:32] DashboardPage.ReceiveWaiterEventsAsync
Type: System.Net.WebSockets.WebSocketException
Message: Unable to connect to the remote server
Stack:    at System.Net.WebSockets.WebSocketHandle.ConnectAsync(Uri uri, HttpMessageInvoker invoker, CancellationToken cancellationToken, ClientWebSocketOptions options)
   at System.Net.WebSockets.ClientWebSocket.ConnectAsyncCore(Uri uri, HttpMessageInvoker invoker, CancellationToken cancellationToken)
   at GustoWaiter.Views.DashboardPage.ReceiveWaiterEventsAsync(CancellationToken ct) in C:\Users\Adithya\Desktop\demo1\pos_1st_cut\gusto_pos\GustoWaiter\Views\DashboardPage.xaml.cs:line 60
Inner: No connection could be made because the target machine actively refused it. (192.168.1.6:8000)
---
[2026-07-14 17:53:32] DashboardPage.ReceiveWaiterEventsAsync
Type: System.Net.WebSockets.WebSocketException
Message: Unable to connect to the remote server
Stack:    at System.Net.WebSockets.WebSocketHandle.ConnectAsync(Uri uri, HttpMessageInvoker invoker, CancellationToken cancellationToken, ClientWebSocketOptions options)
   at System.Net.WebSockets.ClientWebSocket.ConnectAsyncCore(Uri uri, HttpMessageInvoker invoker, CancellationToken cancellationToken)
   at GustoWaiter.Views.DashboardPage.ReceiveWaiterEventsAsync(CancellationToken ct) in C:\Users\Adithya\Desktop\demo1\pos_1st_cut\gusto_pos\GustoWaiter\Views\DashboardPage.xaml.cs:line 60
Inner: No connection could be made because the target machine actively refused it. (192.168.1.6:8000)
---
[2026-07-14 17:53:40] DashboardPage.ReceiveWaiterEventsAsync
Type: System.Net.WebSockets.WebSocketException
Message: Unable to connect to the remote server
Stack:    at System.Net.WebSockets.WebSocketHandle.ConnectAsync(Uri uri, HttpMessageInvoker invoker, CancellationToken cancellationToken, ClientWebSocketOptions options)
   at System.Net.WebSockets.ClientWebSocket.ConnectAsyncCore(Uri uri, HttpMessageInvoker invoker, CancellationToken cancellationToken)
   at GustoWaiter.Views.DashboardPage.ReceiveWaiterEventsAsync(CancellationToken ct) in C:\Users\Adithya\Desktop\demo1\pos_1st_cut\gusto_pos\GustoWaiter\Views\DashboardPage.xaml.cs:line 60
Inner: No connection could be made because the target machine actively refused it. (192.168.1.6:8000)
---
[2026-07-14 17:53:40] DashboardPage.ReceiveWaiterEventsAsync
Type: System.Net.WebSockets.WebSocketException
Message: Unable to connect to the remote server
Stack:    at System.Net.WebSockets.WebSocketHandle.ConnectAsync(Uri uri, HttpMessageInvoker invoker, CancellationToken cancellationToken, ClientWebSocketOptions options)
   at System.Net.WebSockets.ClientWebSocket.ConnectAsyncCore(Uri uri, HttpMessageInvoker invoker, CancellationToken cancellationToken)
   at GustoWaiter.Views.DashboardPage.ReceiveWaiterEventsAsync(CancellationToken ct) in C:\Users\Adithya\Desktop\demo1\pos_1st_cut\gusto_pos\GustoWaiter\Views\DashboardPage.xaml.cs:line 60
Inner: No connection could be made because the target machine actively refused it. (192.168.1.6:8000)
---
[2026-07-14 17:53:48] DashboardPage.ReceiveWaiterEventsAsync
Type: System.Net.WebSockets.WebSocketException
Message: Unable to connect to the remote server
Stack:    at System.Net.WebSockets.WebSocketHandle.ConnectAsync(Uri uri, HttpMessageInvoker invoker, CancellationToken cancellationToken, ClientWebSocketOptions options)
   at System.Net.WebSockets.ClientWebSocket.ConnectAsyncCore(Uri uri, HttpMessageInvoker invoker, CancellationToken cancellationToken)
   at GustoWaiter.Views.DashboardPage.ReceiveWaiterEventsAsync(CancellationToken ct) in C:\Users\Adithya\Desktop\demo1\pos_1st_cut\gusto_pos\GustoWaiter\Views\DashboardPage.xaml.cs:line 60
Inner: No connection could be made because the target machine actively refused it. (192.168.1.6:8000)
---
[2026-07-14 17:53:55] DashboardPage.ReceiveWaiterEventsAsync
Type: System.Net.WebSockets.WebSocketException
Message: Unable to connect to the remote server
Stack:    at System.Net.WebSockets.WebSocketHandle.ConnectAsync(Uri uri, HttpMessageInvoker invoker, CancellationToken cancellationToken, ClientWebSocketOptions options)
   at System.Net.WebSockets.ClientWebSocket.ConnectAsyncCore(Uri uri, HttpMessageInvoker invoker, CancellationToken cancellationToken)
   at GustoWaiter.Views.DashboardPage.ReceiveWaiterEventsAsync(CancellationToken ct) in C:\Users\Adithya\Desktop\demo1\pos_1st_cut\gusto_pos\GustoWaiter\Views\DashboardPage.xaml.cs:line 60
Inner: No connection could be made because the target machine actively refused it. (192.168.1.6:8000)
---
[2026-07-14 17:53:59] DashboardPage.ReceiveWaiterEventsAsync
Type: System.Net.WebSockets.WebSocketException
Message: Unable to connect to the remote server
Stack:    at System.Net.WebSockets.WebSocketHandle.ConnectAsync(Uri uri, HttpMessageInvoker invoker, CancellationToken cancellationToken, ClientWebSocketOptions options)
   at System.Net.WebSockets.ClientWebSocket.ConnectAsyncCore(Uri uri, HttpMessageInvoker invoker, CancellationToken cancellationToken)
   at GustoWaiter.Views.DashboardPage.ReceiveWaiterEventsAsync(CancellationToken ct) in C:\Users\Adithya\Desktop\demo1\pos_1st_cut\gusto_pos\GustoWaiter\Views\DashboardPage.xaml.cs:line 60
Inner: No connection could be made because the target machine actively refused it. (192.168.1.6:8000)
---
[2026-07-14 17:54:03] DashboardPage.ReceiveWaiterEventsAsync
Type: System.Net.WebSockets.WebSocketException
Message: Unable to connect to the remote server
Stack:    at System.Net.WebSockets.WebSocketHandle.ConnectAsync(Uri uri, HttpMessageInvoker invoker, CancellationToken cancellationToken, ClientWebSocketOptions options)
   at System.Net.WebSockets.ClientWebSocket.ConnectAsyncCore(Uri uri, HttpMessageInvoker invoker, CancellationToken cancellationToken)
   at GustoWaiter.Views.DashboardPage.ReceiveWaiterEventsAsync(CancellationToken ct) in C:\Users\Adithya\Desktop\demo1\pos_1st_cut\gusto_pos\GustoWaiter\Views\DashboardPage.xaml.cs:line 60
Inner: No connection could be made because the target machine actively refused it. (192.168.1.6:8000)
---
[2026-07-14 17:54:06] DashboardPage.ReceiveWaiterEventsAsync
Type: System.Net.WebSockets.WebSocketException
Message: Unable to connect to the remote server
Stack:    at System.Net.WebSockets.WebSocketHandle.ConnectAsync(Uri uri, HttpMessageInvoker invoker, CancellationToken cancellationToken, ClientWebSocketOptions options)
   at System.Net.WebSockets.ClientWebSocket.ConnectAsyncCore(Uri uri, HttpMessageInvoker invoker, CancellationToken cancellationToken)
   at GustoWaiter.Views.DashboardPage.ReceiveWaiterEventsAsync(CancellationToken ct) in C:\Users\Adithya\Desktop\demo1\pos_1st_cut\gusto_pos\GustoWaiter\Views\DashboardPage.xaml.cs:line 60
Inner: No connection could be made because the target machine actively refused it. (192.168.1.6:8000)
---
[2026-07-14 17:54:10] DashboardPage.ReceiveWaiterEventsAsync
Type: System.Net.WebSockets.WebSocketException
Message: Unable to connect to the remote server
Stack:    at System.Net.WebSockets.WebSocketHandle.ConnectAsync(Uri uri, HttpMessageInvoker invoker, CancellationToken cancellationToken, ClientWebSocketOptions options)
   at System.Net.WebSockets.ClientWebSocket.ConnectAsyncCore(Uri uri, HttpMessageInvoker invoker, CancellationToken cancellationToken)
   at GustoWaiter.Views.DashboardPage.ReceiveWaiterEventsAsync(CancellationToken ct) in C:\Users\Adithya\Desktop\demo1\pos_1st_cut\gusto_pos\GustoWaiter\Views\DashboardPage.xaml.cs:line 60
Inner: No connection could be made because the target machine actively refused it. (192.168.1.6:8000)
---
[2026-07-14 17:54:14] DashboardPage.ReceiveWaiterEventsAsync
Type: System.Net.WebSockets.WebSocketException
Message: Unable to connect to the remote server
Stack:    at System.Net.WebSockets.WebSocketHandle.ConnectAsync(Uri uri, HttpMessageInvoker invoker, CancellationToken cancellationToken, ClientWebSocketOptions options)
   at System.Net.WebSockets.ClientWebSocket.ConnectAsyncCore(Uri uri, HttpMessageInvoker invoker, CancellationToken cancellationToken)
   at GustoWaiter.Views.DashboardPage.ReceiveWaiterEventsAsync(CancellationToken ct) in C:\Users\Adithya\Desktop\demo1\pos_1st_cut\gusto_pos\GustoWaiter\Views\DashboardPage.xaml.cs:line 60
Inner: No connection could be made because the target machine actively refused it. (192.168.1.6:8000)
---
[2026-07-14 17:54:18] DashboardPage.ReceiveWaiterEventsAsync
Type: System.Net.WebSockets.WebSocketException
Message: Unable to connect to the remote server
Stack:    at System.Net.WebSockets.WebSocketHandle.ConnectAsync(Uri uri, HttpMessageInvoker invoker, CancellationToken cancellationToken, ClientWebSocketOptions options)
   at System.Net.WebSockets.ClientWebSocket.ConnectAsyncCore(Uri uri, HttpMessageInvoker invoker, CancellationToken cancellationToken)
   at GustoWaiter.Views.DashboardPage.ReceiveWaiterEventsAsync(CancellationToken ct) in C:\Users\Adithya\Desktop\demo1\pos_1st_cut\gusto_pos\GustoWaiter\Views\DashboardPage.xaml.cs:line 60
Inner: No connection could be made because the target machine actively refused it. (192.168.1.6:8000)
---
[2026-07-14 17:54:21] DashboardPage.ReceiveWaiterEventsAsync
Type: System.Net.WebSockets.WebSocketException
Message: Unable to connect to the remote server
Stack:    at System.Net.WebSockets.WebSocketHandle.ConnectAsync(Uri uri, HttpMessageInvoker invoker, CancellationToken cancellationToken, ClientWebSocketOptions options)
   at System.Net.WebSockets.ClientWebSocket.ConnectAsyncCore(Uri uri, HttpMessageInvoker invoker, CancellationToken cancellationToken)
   at GustoWaiter.Views.DashboardPage.ReceiveWaiterEventsAsync(CancellationToken ct) in C:\Users\Adithya\Desktop\demo1\pos_1st_cut\gusto_pos\GustoWaiter\Views\DashboardPage.xaml.cs:line 60
Inner: No connection could be made because the target machine actively refused it. (192.168.1.6:8000)
---
[2026-07-14 17:54:25] DashboardPage.ReceiveWaiterEventsAsync
Type: System.Net.WebSockets.WebSocketException
Message: Unable to connect to the remote server
Stack:    at System.Net.WebSockets.WebSocketHandle.ConnectAsync(Uri uri, HttpMessageInvoker invoker, CancellationToken cancellationToken, ClientWebSocketOptions options)
   at System.Net.WebSockets.ClientWebSocket.ConnectAsyncCore(Uri uri, HttpMessageInvoker invoker, CancellationToken cancellationToken)
   at GustoWaiter.Views.DashboardPage.ReceiveWaiterEventsAsync(CancellationToken ct) in C:\Users\Adithya\Desktop\demo1\pos_1st_cut\gusto_pos\GustoWaiter\Views\DashboardPage.xaml.cs:line 60
Inner: No connection could be made because the target machine actively refused it. (192.168.1.6:8000)
---
[2026-07-14 17:54:29] DashboardPage.ReceiveWaiterEventsAsync
Type: System.Net.WebSockets.WebSocketException
Message: Unable to connect to the remote server
Stack:    at System.Net.WebSockets.WebSocketHandle.ConnectAsync(Uri uri, HttpMessageInvoker invoker, CancellationToken cancellationToken, ClientWebSocketOptions options)
   at System.Net.WebSockets.ClientWebSocket.ConnectAsyncCore(Uri uri, HttpMessageInvoker invoker, CancellationToken cancellationToken)
   at GustoWaiter.Views.DashboardPage.ReceiveWaiterEventsAsync(CancellationToken ct) in C:\Users\Adithya\Desktop\demo1\pos_1st_cut\gusto_pos\GustoWaiter\Views\DashboardPage.xaml.cs:line 60
Inner: No connection could be made because the target machine actively refused it. (192.168.1.6:8000)
---
[2026-07-14 17:54:33] DashboardPage.ReceiveWaiterEventsAsync
Type: System.Net.WebSockets.WebSocketException
Message: Unable to connect to the remote server
Stack:    at System.Net.WebSockets.WebSocketHandle.ConnectAsync(Uri uri, HttpMessageInvoker invoker, CancellationToken cancellationToken, ClientWebSocketOptions options)
   at System.Net.WebSockets.ClientWebSocket.ConnectAsyncCore(Uri uri, HttpMessageInvoker invoker, CancellationToken cancellationToken)
   at GustoWaiter.Views.DashboardPage.ReceiveWaiterEventsAsync(CancellationToken ct) in C:\Users\Adithya\Desktop\demo1\pos_1st_cut\gusto_pos\GustoWaiter\Views\DashboardPage.xaml.cs:line 60
Inner: No connection could be made because the target machine actively refused it. (192.168.1.6:8000)
---
[2026-07-14 17:54:36] DashboardPage.ReceiveWaiterEventsAsync
Type: System.Net.WebSockets.WebSocketException
Message: Unable to connect to the remote server
Stack:    at System.Net.WebSockets.WebSocketHandle.ConnectAsync(Uri uri, HttpMessageInvoker invoker, CancellationToken cancellationToken, ClientWebSocketOptions options)
   at System.Net.WebSockets.ClientWebSocket.ConnectAsyncCore(Uri uri, HttpMessageInvoker invoker, CancellationToken cancellationToken)
   at GustoWaiter.Views.DashboardPage.ReceiveWaiterEventsAsync(CancellationToken ct) in C:\Users\Adithya\Desktop\demo1\pos_1st_cut\gusto_pos\GustoWaiter\Views\DashboardPage.xaml.cs:line 60
Inner: No connection could be made because the target machine actively refused it. (192.168.1.6:8000)
---
[2026-07-14 17:54:40] DashboardPage.ReceiveWaiterEventsAsync
Type: System.Net.WebSockets.WebSocketException
Message: Unable to connect to the remote server
Stack:    at System.Net.WebSockets.WebSocketHandle.ConnectAsync(Uri uri, HttpMessageInvoker invoker, CancellationToken cancellationToken, ClientWebSocketOptions options)
   at System.Net.WebSockets.ClientWebSocket.ConnectAsyncCore(Uri uri, HttpMessageInvoker invoker, CancellationToken cancellationToken)
   at GustoWaiter.Views.DashboardPage.ReceiveWaiterEventsAsync(CancellationToken ct) in C:\Users\Adithya\Desktop\demo1\pos_1st_cut\gusto_pos\GustoWaiter\Views\DashboardPage.xaml.cs:line 60
Inner: No connection could be made because the target machine actively refused it. (192.168.1.6:8000)
---
[2026-07-14 17:54:43] DashboardPage.ReceiveWaiterEventsAsync
Type: System.Net.WebSockets.WebSocketException
Message: Unable to connect to the remote server
Stack:    at System.Net.WebSockets.WebSocketHandle.ConnectAsync(Uri uri, HttpMessageInvoker invoker, CancellationToken cancellationToken, ClientWebSocketOptions options)
   at System.Net.WebSockets.ClientWebSocket.ConnectAsyncCore(Uri uri, HttpMessageInvoker invoker, CancellationToken cancellationToken)
   at GustoWaiter.Views.DashboardPage.ReceiveWaiterEventsAsync(CancellationToken ct) in C:\Users\Adithya\Desktop\demo1\pos_1st_cut\gusto_pos\GustoWaiter\Views\DashboardPage.xaml.cs:line 60
Inner: No connection could be made because the target machine actively refused it. (192.168.1.6:8000)
---
[2026-07-14 17:54:47] DashboardPage.ReceiveWaiterEventsAsync
Type: System.Net.WebSockets.WebSocketException
Message: Unable to connect to the remote server
Stack:    at System.Net.WebSockets.WebSocketHandle.ConnectAsync(Uri uri, HttpMessageInvoker invoker, CancellationToken cancellationToken, ClientWebSocketOptions options)
   at System.Net.WebSockets.ClientWebSocket.ConnectAsyncCore(Uri uri, HttpMessageInvoker invoker, CancellationToken cancellationToken)
   at GustoWaiter.Views.DashboardPage.ReceiveWaiterEventsAsync(CancellationToken ct) in C:\Users\Adithya\Desktop\demo1\pos_1st_cut\gusto_pos\GustoWaiter\Views\DashboardPage.xaml.cs:line 60
Inner: No connection could be made because the target machine actively refused it. (192.168.1.6:8000)
---
[2026-07-14 17:54:51] DashboardPage.ReceiveWaiterEventsAsync
Type: System.Net.WebSockets.WebSocketException
Message: Unable to connect to the remote server
Stack:    at System.Net.WebSockets.WebSocketHandle.ConnectAsync(Uri uri, HttpMessageInvoker invoker, CancellationToken cancellationToken, ClientWebSocketOptions options)
   at System.Net.WebSockets.ClientWebSocket.ConnectAsyncCore(Uri uri, HttpMessageInvoker invoker, CancellationToken cancellationToken)
   at GustoWaiter.Views.DashboardPage.ReceiveWaiterEventsAsync(CancellationToken ct) in C:\Users\Adithya\Desktop\demo1\pos_1st_cut\gusto_pos\GustoWaiter\Views\DashboardPage.xaml.cs:line 60
Inner: No connection could be made because the target machine actively refused it. (192.168.1.6:8000)
---
[2026-07-14 17:54:55] DashboardPage.ReceiveWaiterEventsAsync
Type: System.Net.WebSockets.WebSocketException
Message: Unable to connect to the remote server
Stack:    at System.Net.WebSockets.WebSocketHandle.ConnectAsync(Uri uri, HttpMessageInvoker invoker, CancellationToken cancellationToken, ClientWebSocketOptions options)
   at System.Net.WebSockets.ClientWebSocket.ConnectAsyncCore(Uri uri, HttpMessageInvoker invoker, CancellationToken cancellationToken)
   at GustoWaiter.Views.DashboardPage.ReceiveWaiterEventsAsync(CancellationToken ct) in C:\Users\Adithya\Desktop\demo1\pos_1st_cut\gusto_pos\GustoWaiter\Views\DashboardPage.xaml.cs:line 60
Inner: No connection could be made because the target machine actively refused it. (192.168.1.6:8000)
---
[2026-07-14 17:54:58] DashboardPage.ReceiveWaiterEventsAsync
Type: System.Net.WebSockets.WebSocketException
Message: Unable to connect to the remote server
Stack:    at System.Net.WebSockets.WebSocketHandle.ConnectAsync(Uri uri, HttpMessageInvoker invoker, CancellationToken cancellationToken, ClientWebSocketOptions options)
   at System.Net.WebSockets.ClientWebSocket.ConnectAsyncCore(Uri uri, HttpMessageInvoker invoker, CancellationToken cancellationToken)
   at GustoWaiter.Views.DashboardPage.ReceiveWaiterEventsAsync(CancellationToken ct) in C:\Users\Adithya\Desktop\demo1\pos_1st_cut\gusto_pos\GustoWaiter\Views\DashboardPage.xaml.cs:line 60
Inner: No connection could be made because the target machine actively refused it. (192.168.1.6:8000)
---
[2026-07-14 17:55:02] DashboardPage.ReceiveWaiterEventsAsync
Type: System.Net.WebSockets.WebSocketException
Message: Unable to connect to the remote server
Stack:    at System.Net.WebSockets.WebSocketHandle.ConnectAsync(Uri uri, HttpMessageInvoker invoker, CancellationToken cancellationToken, ClientWebSocketOptions options)
   at System.Net.WebSockets.ClientWebSocket.ConnectAsyncCore(Uri uri, HttpMessageInvoker invoker, CancellationToken cancellationToken)
   at GustoWaiter.Views.DashboardPage.ReceiveWaiterEventsAsync(CancellationToken ct) in C:\Users\Adithya\Desktop\demo1\pos_1st_cut\gusto_pos\GustoWaiter\Views\DashboardPage.xaml.cs:line 60
Inner: No connection could be made because the target machine actively refused it. (192.168.1.6:8000)
---
[2026-07-14 17:55:05] DashboardPage.ReceiveWaiterEventsAsync
Type: System.Net.WebSockets.WebSocketException
Message: Unable to connect to the remote server
Stack:    at System.Net.WebSockets.WebSocketHandle.ConnectAsync(Uri uri, HttpMessageInvoker invoker, CancellationToken cancellationToken, ClientWebSocketOptions options)
   at System.Net.WebSockets.ClientWebSocket.ConnectAsyncCore(Uri uri, HttpMessageInvoker invoker, CancellationToken cancellationToken)
   at GustoWaiter.Views.DashboardPage.ReceiveWaiterEventsAsync(CancellationToken ct) in C:\Users\Adithya\Desktop\demo1\pos_1st_cut\gusto_pos\GustoWaiter\Views\DashboardPage.xaml.cs:line 60
Inner: No connection could be made because the target machine actively refused it. (192.168.1.6:8000)
---
[2026-07-14 17:55:10] DashboardPage.ReceiveWaiterEventsAsync
Type: System.Net.WebSockets.WebSocketException
Message: Unable to connect to the remote server
Stack:    at System.Net.WebSockets.WebSocketHandle.ConnectAsync(Uri uri, HttpMessageInvoker invoker, CancellationToken cancellationToken, ClientWebSocketOptions options)
   at System.Net.WebSockets.ClientWebSocket.ConnectAsyncCore(Uri uri, HttpMessageInvoker invoker, CancellationToken cancellationToken)
   at GustoWaiter.Views.DashboardPage.ReceiveWaiterEventsAsync(CancellationToken ct) in C:\Users\Adithya\Desktop\demo1\pos_1st_cut\gusto_pos\GustoWaiter\Views\DashboardPage.xaml.cs:line 60
Inner: No connection could be made because the target machine actively refused it. (192.168.1.6:8000)
---
[2026-07-14 17:55:13] DashboardPage.ReceiveWaiterEventsAsync
Type: System.Net.WebSockets.WebSocketException
Message: Unable to connect to the remote server
Stack:    at System.Net.WebSockets.WebSocketHandle.ConnectAsync(Uri uri, HttpMessageInvoker invoker, CancellationToken cancellationToken, ClientWebSocketOptions options)
   at System.Net.WebSockets.ClientWebSocket.ConnectAsyncCore(Uri uri, HttpMessageInvoker invoker, CancellationToken cancellationToken)
   at GustoWaiter.Views.DashboardPage.ReceiveWaiterEventsAsync(CancellationToken ct) in C:\Users\Adithya\Desktop\demo1\pos_1st_cut\gusto_pos\GustoWaiter\Views\DashboardPage.xaml.cs:line 60
Inner: No connection could be made because the target machine actively refused it. (192.168.1.6:8000)
---
[2026-07-14 17:55:17] DashboardPage.ReceiveWaiterEventsAsync
Type: System.Net.WebSockets.WebSocketException
Message: Unable to connect to the remote server
Stack:    at System.Net.WebSockets.WebSocketHandle.ConnectAsync(Uri uri, HttpMessageInvoker invoker, CancellationToken cancellationToken, ClientWebSocketOptions options)
   at System.Net.WebSockets.ClientWebSocket.ConnectAsyncCore(Uri uri, HttpMessageInvoker invoker, CancellationToken cancellationToken)
   at GustoWaiter.Views.DashboardPage.ReceiveWaiterEventsAsync(CancellationToken ct) in C:\Users\Adithya\Desktop\demo1\pos_1st_cut\gusto_pos\GustoWaiter\Views\DashboardPage.xaml.cs:line 60
Inner: No connection could be made because the target machine actively refused it. (192.168.1.6:8000)
---
[2026-07-14 17:55:20] DashboardPage.ReceiveWaiterEventsAsync
Type: System.Net.WebSockets.WebSocketException
Message: Unable to connect to the remote server
Stack:    at System.Net.WebSockets.WebSocketHandle.ConnectAsync(Uri uri, HttpMessageInvoker invoker, CancellationToken cancellationToken, ClientWebSocketOptions options)
   at System.Net.WebSockets.ClientWebSocket.ConnectAsyncCore(Uri uri, HttpMessageInvoker invoker, CancellationToken cancellationToken)
   at GustoWaiter.Views.DashboardPage.ReceiveWaiterEventsAsync(CancellationToken ct) in C:\Users\Adithya\Desktop\demo1\pos_1st_cut\gusto_pos\GustoWaiter\Views\DashboardPage.xaml.cs:line 60
Inner: No connection could be made because the target machine actively refused it. (192.168.1.6:8000)
---
[2026-07-14 17:55:24] DashboardPage.ReceiveWaiterEventsAsync
Type: System.Net.WebSockets.WebSocketException
Message: Unable to connect to the remote server
Stack:    at System.Net.WebSockets.WebSocketHandle.ConnectAsync(Uri uri, HttpMessageInvoker invoker, CancellationToken cancellationToken, ClientWebSocketOptions options)
   at System.Net.WebSockets.ClientWebSocket.ConnectAsyncCore(Uri uri, HttpMessageInvoker invoker, CancellationToken cancellationToken)
   at GustoWaiter.Views.DashboardPage.ReceiveWaiterEventsAsync(CancellationToken ct) in C:\Users\Adithya\Desktop\demo1\pos_1st_cut\gusto_pos\GustoWaiter\Views\DashboardPage.xaml.cs:line 60
Inner: No connection could be made because the target machine actively refused it. (192.168.1.6:8000)
---
[2026-07-14 17:55:27] DashboardPage.ReceiveWaiterEventsAsync
Type: System.Net.WebSockets.WebSocketException
Message: Unable to connect to the remote server
Stack:    at System.Net.WebSockets.WebSocketHandle.ConnectAsync(Uri uri, HttpMessageInvoker invoker, CancellationToken cancellationToken, ClientWebSocketOptions options)
   at System.Net.WebSockets.ClientWebSocket.ConnectAsyncCore(Uri uri, HttpMessageInvoker invoker, CancellationToken cancellationToken)
   at GustoWaiter.Views.DashboardPage.ReceiveWaiterEventsAsync(CancellationToken ct) in C:\Users\Adithya\Desktop\demo1\pos_1st_cut\gusto_pos\GustoWaiter\Views\DashboardPage.xaml.cs:line 60
Inner: No connection could be made because the target machine actively refused it. (192.168.1.6:8000)
---
[2026-07-14 17:55:32] DashboardPage.ReceiveWaiterEventsAsync
Type: System.Net.WebSockets.WebSocketException
Message: Unable to connect to the remote server
Stack:    at System.Net.WebSockets.WebSocketHandle.ConnectAsync(Uri uri, HttpMessageInvoker invoker, CancellationToken cancellationToken, ClientWebSocketOptions options)
   at System.Net.WebSockets.ClientWebSocket.ConnectAsyncCore(Uri uri, HttpMessageInvoker invoker, CancellationToken cancellationToken)
   at GustoWaiter.Views.DashboardPage.ReceiveWaiterEventsAsync(CancellationToken ct) in C:\Users\Adithya\Desktop\demo1\pos_1st_cut\gusto_pos\GustoWaiter\Views\DashboardPage.xaml.cs:line 60
Inner: No connection could be made because the target machine actively refused it. (192.168.1.6:8000)
---
[2026-07-14 17:55:35] DashboardPage.ReceiveWaiterEventsAsync
Type: System.Net.WebSockets.WebSocketException
Message: Unable to connect to the remote server
Stack:    at System.Net.WebSockets.WebSocketHandle.ConnectAsync(Uri uri, HttpMessageInvoker invoker, CancellationToken cancellationToken, ClientWebSocketOptions options)
   at System.Net.WebSockets.ClientWebSocket.ConnectAsyncCore(Uri uri, HttpMessageInvoker invoker, CancellationToken cancellationToken)
   at GustoWaiter.Views.DashboardPage.ReceiveWaiterEventsAsync(CancellationToken ct) in C:\Users\Adithya\Desktop\demo1\pos_1st_cut\gusto_pos\GustoWaiter\Views\DashboardPage.xaml.cs:line 60
Inner: No connection could be made because the target machine actively refused it. (192.168.1.6:8000)
---
[2026-07-14 17:55:39] DashboardPage.ReceiveWaiterEventsAsync
Type: System.Net.WebSockets.WebSocketException
Message: Unable to connect to the remote server
Stack:    at System.Net.WebSockets.WebSocketHandle.ConnectAsync(Uri uri, HttpMessageInvoker invoker, CancellationToken cancellationToken, ClientWebSocketOptions options)
   at System.Net.WebSockets.ClientWebSocket.ConnectAsyncCore(Uri uri, HttpMessageInvoker invoker, CancellationToken cancellationToken)
   at GustoWaiter.Views.DashboardPage.ReceiveWaiterEventsAsync(CancellationToken ct) in C:\Users\Adithya\Desktop\demo1\pos_1st_cut\gusto_pos\GustoWaiter\Views\DashboardPage.xaml.cs:line 60
Inner: No connection could be made because the target machine actively refused it. (192.168.1.6:8000)
---
[2026-07-14 17:55:42] DashboardPage.ReceiveWaiterEventsAsync
Type: System.Net.WebSockets.WebSocketException
Message: Unable to connect to the remote server
Stack:    at System.Net.WebSockets.WebSocketHandle.ConnectAsync(Uri uri, HttpMessageInvoker invoker, CancellationToken cancellationToken, ClientWebSocketOptions options)
   at System.Net.WebSockets.ClientWebSocket.ConnectAsyncCore(Uri uri, HttpMessageInvoker invoker, CancellationToken cancellationToken)
   at GustoWaiter.Views.DashboardPage.ReceiveWaiterEventsAsync(CancellationToken ct) in C:\Users\Adithya\Desktop\demo1\pos_1st_cut\gusto_pos\GustoWaiter\Views\DashboardPage.xaml.cs:line 60
Inner: No connection could be made because the target machine actively refused it. (192.168.1.6:8000)
---
[2026-07-14 17:55:46] DashboardPage.ReceiveWaiterEventsAsync
Type: System.Net.WebSockets.WebSocketException
Message: Unable to connect to the remote server
Stack:    at System.Net.WebSockets.WebSocketHandle.ConnectAsync(Uri uri, HttpMessageInvoker invoker, CancellationToken cancellationToken, ClientWebSocketOptions options)
   at System.Net.WebSockets.ClientWebSocket.ConnectAsyncCore(Uri uri, HttpMessageInvoker invoker, CancellationToken cancellationToken)
   at GustoWaiter.Views.DashboardPage.ReceiveWaiterEventsAsync(CancellationToken ct) in C:\Users\Adithya\Desktop\demo1\pos_1st_cut\gusto_pos\GustoWaiter\Views\DashboardPage.xaml.cs:line 60
Inner: No connection could be made because the target machine actively refused it. (192.168.1.6:8000)
---
[2026-07-14 17:55:50] DashboardPage.ReceiveWaiterEventsAsync
Type: System.Net.WebSockets.WebSocketException
Message: Unable to connect to the remote server
Stack:    at System.Net.WebSockets.WebSocketHandle.ConnectAsync(Uri uri, HttpMessageInvoker invoker, CancellationToken cancellationToken, ClientWebSocketOptions options)
   at System.Net.WebSockets.ClientWebSocket.ConnectAsyncCore(Uri uri, HttpMessageInvoker invoker, CancellationToken cancellationToken)
   at GustoWaiter.Views.DashboardPage.ReceiveWaiterEventsAsync(CancellationToken ct) in C:\Users\Adithya\Desktop\demo1\pos_1st_cut\gusto_pos\GustoWaiter\Views\DashboardPage.xaml.cs:line 60
Inner: No connection could be made because the target machine actively refused it. (192.168.1.6:8000)
---
[2026-07-14 17:55:54] DashboardPage.ReceiveWaiterEventsAsync
Type: System.Net.WebSockets.WebSocketException
Message: Unable to connect to the remote server
Stack:    at System.Net.WebSockets.WebSocketHandle.ConnectAsync(Uri uri, HttpMessageInvoker invoker, CancellationToken cancellationToken, ClientWebSocketOptions options)
   at System.Net.WebSockets.ClientWebSocket.ConnectAsyncCore(Uri uri, HttpMessageInvoker invoker, CancellationToken cancellationToken)
   at GustoWaiter.Views.DashboardPage.ReceiveWaiterEventsAsync(CancellationToken ct) in C:\Users\Adithya\Desktop\demo1\pos_1st_cut\gusto_pos\GustoWaiter\Views\DashboardPage.xaml.cs:line 60
Inner: No connection could be made because the target machine actively refused it. (192.168.1.6:8000)
---
[2026-07-14 17:55:57] DashboardPage.ReceiveWaiterEventsAsync
Type: System.Net.WebSockets.WebSocketException
Message: Unable to connect to the remote server
Stack:    at System.Net.WebSockets.WebSocketHandle.ConnectAsync(Uri uri, HttpMessageInvoker invoker, CancellationToken cancellationToken, ClientWebSocketOptions options)
   at System.Net.WebSockets.ClientWebSocket.ConnectAsyncCore(Uri uri, HttpMessageInvoker invoker, CancellationToken cancellationToken)
   at GustoWaiter.Views.DashboardPage.ReceiveWaiterEventsAsync(CancellationToken ct) in C:\Users\Adithya\Desktop\demo1\pos_1st_cut\gusto_pos\GustoWaiter\Views\DashboardPage.xaml.cs:line 60
Inner: No connection could be made because the target machine actively refused it. (192.168.1.6:8000)
---
[2026-07-14 17:56:01] DashboardPage.ReceiveWaiterEventsAsync
Type: System.Net.WebSockets.WebSocketException
Message: Unable to connect to the remote server
Stack:    at System.Net.WebSockets.WebSocketHandle.ConnectAsync(Uri uri, HttpMessageInvoker invoker, CancellationToken cancellationToken, ClientWebSocketOptions options)
   at System.Net.WebSockets.ClientWebSocket.ConnectAsyncCore(Uri uri, HttpMessageInvoker invoker, CancellationToken cancellationToken)
   at GustoWaiter.Views.DashboardPage.ReceiveWaiterEventsAsync(CancellationToken ct) in C:\Users\Adithya\Desktop\demo1\pos_1st_cut\gusto_pos\GustoWaiter\Views\DashboardPage.xaml.cs:line 60
Inner: No connection could be made because the target machine actively refused it. (192.168.1.6:8000)
---
[2026-07-14 17:56:04] DashboardPage.ReceiveWaiterEventsAsync
Type: System.Net.WebSockets.WebSocketException
Message: Unable to connect to the remote server
Stack:    at System.Net.WebSockets.WebSocketHandle.ConnectAsync(Uri uri, HttpMessageInvoker invoker, CancellationToken cancellationToken, ClientWebSocketOptions options)
   at System.Net.WebSockets.ClientWebSocket.ConnectAsyncCore(Uri uri, HttpMessageInvoker invoker, CancellationToken cancellationToken)
   at GustoWaiter.Views.DashboardPage.ReceiveWaiterEventsAsync(CancellationToken ct) in C:\Users\Adithya\Desktop\demo1\pos_1st_cut\gusto_pos\GustoWaiter\Views\DashboardPage.xaml.cs:line 60
Inner: No connection could be made because the target machine actively refused it. (192.168.1.6:8000)
---
[2026-07-14 17:56:08] DashboardPage.ReceiveWaiterEventsAsync
Type: System.Net.WebSockets.WebSocketException
Message: Unable to connect to the remote server
Stack:    at System.Net.WebSockets.WebSocketHandle.ConnectAsync(Uri uri, HttpMessageInvoker invoker, CancellationToken cancellationToken, ClientWebSocketOptions options)
   at System.Net.WebSockets.ClientWebSocket.ConnectAsyncCore(Uri uri, HttpMessageInvoker invoker, CancellationToken cancellationToken)
   at GustoWaiter.Views.DashboardPage.ReceiveWaiterEventsAsync(CancellationToken ct) in C:\Users\Adithya\Desktop\demo1\pos_1st_cut\gusto_pos\GustoWaiter\Views\DashboardPage.xaml.cs:line 60
Inner: No connection could be made because the target machine actively refused it. (192.168.1.6:8000)
---
[2026-07-14 17:56:12] DashboardPage.ReceiveWaiterEventsAsync
Type: System.Net.WebSockets.WebSocketException
Message: Unable to connect to the remote server
Stack:    at System.Net.WebSockets.WebSocketHandle.ConnectAsync(Uri uri, HttpMessageInvoker invoker, CancellationToken cancellationToken, ClientWebSocketOptions options)
   at System.Net.WebSockets.ClientWebSocket.ConnectAsyncCore(Uri uri, HttpMessageInvoker invoker, CancellationToken cancellationToken)
   at GustoWaiter.Views.DashboardPage.ReceiveWaiterEventsAsync(CancellationToken ct) in C:\Users\Adithya\Desktop\demo1\pos_1st_cut\gusto_pos\GustoWaiter\Views\DashboardPage.xaml.cs:line 60
Inner: No connection could be made because the target machine actively refused it. (192.168.1.6:8000)
---
[2026-07-14 17:56:16] DashboardPage.ReceiveWaiterEventsAsync
Type: System.Net.WebSockets.WebSocketException
Message: Unable to connect to the remote server
Stack:    at System.Net.WebSockets.WebSocketHandle.ConnectAsync(Uri uri, HttpMessageInvoker invoker, CancellationToken cancellationToken, ClientWebSocketOptions options)
   at System.Net.WebSockets.ClientWebSocket.ConnectAsyncCore(Uri uri, HttpMessageInvoker invoker, CancellationToken cancellationToken)
   at GustoWaiter.Views.DashboardPage.ReceiveWaiterEventsAsync(CancellationToken ct) in C:\Users\Adithya\Desktop\demo1\pos_1st_cut\gusto_pos\GustoWaiter\Views\DashboardPage.xaml.cs:line 60
Inner: No connection could be made because the target machine actively refused it. (192.168.1.6:8000)
---
[2026-07-14 17:56:19] DashboardPage.ReceiveWaiterEventsAsync
Type: System.Net.WebSockets.WebSocketException
Message: Unable to connect to the remote server
Stack:    at System.Net.WebSockets.WebSocketHandle.ConnectAsync(Uri uri, HttpMessageInvoker invoker, CancellationToken cancellationToken, ClientWebSocketOptions options)
   at System.Net.WebSockets.ClientWebSocket.ConnectAsyncCore(Uri uri, HttpMessageInvoker invoker, CancellationToken cancellationToken)
   at GustoWaiter.Views.DashboardPage.ReceiveWaiterEventsAsync(CancellationToken ct) in C:\Users\Adithya\Desktop\demo1\pos_1st_cut\gusto_pos\GustoWaiter\Views\DashboardPage.xaml.cs:line 60
Inner: No connection could be made because the target machine actively refused it. (192.168.1.6:8000)
---
[2026-07-14 17:56:23] DashboardPage.ReceiveWaiterEventsAsync
Type: System.Net.WebSockets.WebSocketException
Message: Unable to connect to the remote server
Stack:    at System.Net.WebSockets.WebSocketHandle.ConnectAsync(Uri uri, HttpMessageInvoker invoker, CancellationToken cancellationToken, ClientWebSocketOptions options)
   at System.Net.WebSockets.ClientWebSocket.ConnectAsyncCore(Uri uri, HttpMessageInvoker invoker, CancellationToken cancellationToken)
   at GustoWaiter.Views.DashboardPage.ReceiveWaiterEventsAsync(CancellationToken ct) in C:\Users\Adithya\Desktop\demo1\pos_1st_cut\gusto_pos\GustoWaiter\Views\DashboardPage.xaml.cs:line 60
Inner: No connection could be made because the target machine actively refused it. (192.168.1.6:8000)
---
[2026-07-14 17:56:27] DashboardPage.ReceiveWaiterEventsAsync
Type: System.Net.WebSockets.WebSocketException
Message: Unable to connect to the remote server
Stack:    at System.Net.WebSockets.WebSocketHandle.ConnectAsync(Uri uri, HttpMessageInvoker invoker, CancellationToken cancellationToken, ClientWebSocketOptions options)
   at System.Net.WebSockets.ClientWebSocket.ConnectAsyncCore(Uri uri, HttpMessageInvoker invoker, CancellationToken cancellationToken)
   at GustoWaiter.Views.DashboardPage.ReceiveWaiterEventsAsync(CancellationToken ct) in C:\Users\Adithya\Desktop\demo1\pos_1st_cut\gusto_pos\GustoWaiter\Views\DashboardPage.xaml.cs:line 60
Inner: No connection could be made because the target machine actively refused it. (192.168.1.6:8000)
---
[2026-07-14 17:56:31] DashboardPage.ReceiveWaiterEventsAsync
Type: System.Net.WebSockets.WebSocketException
Message: Unable to connect to the remote server
Stack:    at System.Net.WebSockets.WebSocketHandle.ConnectAsync(Uri uri, HttpMessageInvoker invoker, CancellationToken cancellationToken, ClientWebSocketOptions options)
   at System.Net.WebSockets.ClientWebSocket.ConnectAsyncCore(Uri uri, HttpMessageInvoker invoker, CancellationToken cancellationToken)
   at GustoWaiter.Views.DashboardPage.ReceiveWaiterEventsAsync(CancellationToken ct) in C:\Users\Adithya\Desktop\demo1\pos_1st_cut\gusto_pos\GustoWaiter\Views\DashboardPage.xaml.cs:line 60
Inner: No connection could be made because the target machine actively refused it. (192.168.1.6:8000)
---
[2026-07-14 17:56:34] DashboardPage.ReceiveWaiterEventsAsync
Type: System.Net.WebSockets.WebSocketException
Message: Unable to connect to the remote server
Stack:    at System.Net.WebSockets.WebSocketHandle.ConnectAsync(Uri uri, HttpMessageInvoker invoker, CancellationToken cancellationToken, ClientWebSocketOptions options)
   at System.Net.WebSockets.ClientWebSocket.ConnectAsyncCore(Uri uri, HttpMessageInvoker invoker, CancellationToken cancellationToken)
   at GustoWaiter.Views.DashboardPage.ReceiveWaiterEventsAsync(CancellationToken ct) in C:\Users\Adithya\Desktop\demo1\pos_1st_cut\gusto_pos\GustoWaiter\Views\DashboardPage.xaml.cs:line 60
Inner: No connection could be made because the target machine actively refused it. (192.168.1.6:8000)
---
[2026-07-14 17:56:38] DashboardPage.ReceiveWaiterEventsAsync
Type: System.Net.WebSockets.WebSocketException
Message: Unable to connect to the remote server
Stack:    at System.Net.WebSockets.WebSocketHandle.ConnectAsync(Uri uri, HttpMessageInvoker invoker, CancellationToken cancellationToken, ClientWebSocketOptions options)
   at System.Net.WebSockets.ClientWebSocket.ConnectAsyncCore(Uri uri, HttpMessageInvoker invoker, CancellationToken cancellationToken)
   at GustoWaiter.Views.DashboardPage.ReceiveWaiterEventsAsync(CancellationToken ct) in C:\Users\Adithya\Desktop\demo1\pos_1st_cut\gusto_pos\GustoWaiter\Views\DashboardPage.xaml.cs:line 60
Inner: No connection could be made because the target machine actively refused it. (192.168.1.6:8000)
---
[2026-07-14 17:56:41] DashboardPage.ReceiveWaiterEventsAsync
Type: System.Net.WebSockets.WebSocketException
Message: Unable to connect to the remote server
Stack:    at System.Net.WebSockets.WebSocketHandle.ConnectAsync(Uri uri, HttpMessageInvoker invoker, CancellationToken cancellationToken, ClientWebSocketOptions options)
   at System.Net.WebSockets.ClientWebSocket.ConnectAsyncCore(Uri uri, HttpMessageInvoker invoker, CancellationToken cancellationToken)
   at GustoWaiter.Views.DashboardPage.ReceiveWaiterEventsAsync(CancellationToken ct) in C:\Users\Adithya\Desktop\demo1\pos_1st_cut\gusto_pos\GustoWaiter\Views\DashboardPage.xaml.cs:line 60
Inner: No connection could be made because the target machine actively refused it. (192.168.1.6:8000)
---
[2026-07-14 17:56:45] DashboardPage.ReceiveWaiterEventsAsync
Type: System.Net.WebSockets.WebSocketException
Message: Unable to connect to the remote server
Stack:    at System.Net.WebSockets.WebSocketHandle.ConnectAsync(Uri uri, HttpMessageInvoker invoker, CancellationToken cancellationToken, ClientWebSocketOptions options)
   at System.Net.WebSockets.ClientWebSocket.ConnectAsyncCore(Uri uri, HttpMessageInvoker invoker, CancellationToken cancellationToken)
   at GustoWaiter.Views.DashboardPage.ReceiveWaiterEventsAsync(CancellationToken ct) in C:\Users\Adithya\Desktop\demo1\pos_1st_cut\gusto_pos\GustoWaiter\Views\DashboardPage.xaml.cs:line 60
Inner: No connection could be made because the target machine actively refused it. (192.168.1.6:8000)
---
[2026-07-14 17:56:49] DashboardPage.ReceiveWaiterEventsAsync
Type: System.Net.WebSockets.WebSocketException
Message: Unable to connect to the remote server
Stack:    at System.Net.WebSockets.WebSocketHandle.ConnectAsync(Uri uri, HttpMessageInvoker invoker, CancellationToken cancellationToken, ClientWebSocketOptions options)
   at System.Net.WebSockets.ClientWebSocket.ConnectAsyncCore(Uri uri, HttpMessageInvoker invoker, CancellationToken cancellationToken)
   at GustoWaiter.Views.DashboardPage.ReceiveWaiterEventsAsync(CancellationToken ct) in C:\Users\Adithya\Desktop\demo1\pos_1st_cut\gusto_pos\GustoWaiter\Views\DashboardPage.xaml.cs:line 60
Inner: No connection could be made because the target machine actively refused it. (192.168.1.6:8000)
---
[2026-07-14 17:56:53] DashboardPage.ReceiveWaiterEventsAsync
Type: System.Net.WebSockets.WebSocketException
Message: Unable to connect to the remote server
Stack:    at System.Net.WebSockets.WebSocketHandle.ConnectAsync(Uri uri, HttpMessageInvoker invoker, CancellationToken cancellationToken, ClientWebSocketOptions options)
   at System.Net.WebSockets.ClientWebSocket.ConnectAsyncCore(Uri uri, HttpMessageInvoker invoker, CancellationToken cancellationToken)
   at GustoWaiter.Views.DashboardPage.ReceiveWaiterEventsAsync(CancellationToken ct) in C:\Users\Adithya\Desktop\demo1\pos_1st_cut\gusto_pos\GustoWaiter\Views\DashboardPage.xaml.cs:line 60
Inner: No connection could be made because the target machine actively refused it. (192.168.1.6:8000)
---
[2026-07-14 17:56:56] DashboardPage.ReceiveWaiterEventsAsync
Type: System.Net.WebSockets.WebSocketException
Message: Unable to connect to the remote server
Stack:    at System.Net.WebSockets.WebSocketHandle.ConnectAsync(Uri uri, HttpMessageInvoker invoker, CancellationToken cancellationToken, ClientWebSocketOptions options)
   at System.Net.WebSockets.ClientWebSocket.ConnectAsyncCore(Uri uri, HttpMessageInvoker invoker, CancellationToken cancellationToken)
   at GustoWaiter.Views.DashboardPage.ReceiveWaiterEventsAsync(CancellationToken ct) in C:\Users\Adithya\Desktop\demo1\pos_1st_cut\gusto_pos\GustoWaiter\Views\DashboardPage.xaml.cs:line 60
Inner: No connection could be made because the target machine actively refused it. (192.168.1.6:8000)
---
[2026-07-14 17:57:00] DashboardPage.ReceiveWaiterEventsAsync
Type: System.Net.WebSockets.WebSocketException
Message: Unable to connect to the remote server
Stack:    at System.Net.WebSockets.WebSocketHandle.ConnectAsync(Uri uri, HttpMessageInvoker invoker, CancellationToken cancellationToken, ClientWebSocketOptions options)
   at System.Net.WebSockets.ClientWebSocket.ConnectAsyncCore(Uri uri, HttpMessageInvoker invoker, CancellationToken cancellationToken)
   at GustoWaiter.Views.DashboardPage.ReceiveWaiterEventsAsync(CancellationToken ct) in C:\Users\Adithya\Desktop\demo1\pos_1st_cut\gusto_pos\GustoWaiter\Views\DashboardPage.xaml.cs:line 60
Inner: No connection could be made because the target machine actively refused it. (192.168.1.6:8000)
---
[2026-07-14 17:57:03] DashboardPage.ReceiveWaiterEventsAsync
Type: System.Net.WebSockets.WebSocketException
Message: Unable to connect to the remote server
Stack:    at System.Net.WebSockets.WebSocketHandle.ConnectAsync(Uri uri, HttpMessageInvoker invoker, CancellationToken cancellationToken, ClientWebSocketOptions options)
   at System.Net.WebSockets.ClientWebSocket.ConnectAsyncCore(Uri uri, HttpMessageInvoker invoker, CancellationToken cancellationToken)
   at GustoWaiter.Views.DashboardPage.ReceiveWaiterEventsAsync(CancellationToken ct) in C:\Users\Adithya\Desktop\demo1\pos_1st_cut\gusto_pos\GustoWaiter\Views\DashboardPage.xaml.cs:line 60
Inner: No connection could be made because the target machine actively refused it. (192.168.1.6:8000)
---
[2026-07-14 17:57:07] DashboardPage.ReceiveWaiterEventsAsync
Type: System.Net.WebSockets.WebSocketException
Message: Unable to connect to the remote server
Stack:    at System.Net.WebSockets.WebSocketHandle.ConnectAsync(Uri uri, HttpMessageInvoker invoker, CancellationToken cancellationToken, ClientWebSocketOptions options)
   at System.Net.WebSockets.ClientWebSocket.ConnectAsyncCore(Uri uri, HttpMessageInvoker invoker, CancellationToken cancellationToken)
   at GustoWaiter.Views.DashboardPage.ReceiveWaiterEventsAsync(CancellationToken ct) in C:\Users\Adithya\Desktop\demo1\pos_1st_cut\gusto_pos\GustoWaiter\Views\DashboardPage.xaml.cs:line 60
Inner: No connection could be made because the target machine actively refused it. (192.168.1.6:8000)
---
[2026-07-14 17:57:11] DashboardPage.ReceiveWaiterEventsAsync
Type: System.Net.WebSockets.WebSocketException
Message: Unable to connect to the remote server
Stack:    at System.Net.WebSockets.WebSocketHandle.ConnectAsync(Uri uri, HttpMessageInvoker invoker, CancellationToken cancellationToken, ClientWebSocketOptions options)
   at System.Net.WebSockets.ClientWebSocket.ConnectAsyncCore(Uri uri, HttpMessageInvoker invoker, CancellationToken cancellationToken)
   at GustoWaiter.Views.DashboardPage.ReceiveWaiterEventsAsync(CancellationToken ct) in C:\Users\Adithya\Desktop\demo1\pos_1st_cut\gusto_pos\GustoWaiter\Views\DashboardPage.xaml.cs:line 60
Inner: No connection could be made because the target machine actively refused it. (192.168.1.6:8000)
---
[2026-07-14 17:57:15] DashboardPage.ReceiveWaiterEventsAsync
Type: System.Net.WebSockets.WebSocketException
Message: Unable to connect to the remote server
Stack:    at System.Net.WebSockets.WebSocketHandle.ConnectAsync(Uri uri, HttpMessageInvoker invoker, CancellationToken cancellationToken, ClientWebSocketOptions options)
   at System.Net.WebSockets.ClientWebSocket.ConnectAsyncCore(Uri uri, HttpMessageInvoker invoker, CancellationToken cancellationToken)
   at GustoWaiter.Views.DashboardPage.ReceiveWaiterEventsAsync(CancellationToken ct) in C:\Users\Adithya\Desktop\demo1\pos_1st_cut\gusto_pos\GustoWaiter\Views\DashboardPage.xaml.cs:line 60
Inner: No connection could be made because the target machine actively refused it. (192.168.1.6:8000)
---
[2026-07-14 17:57:18] DashboardPage.ReceiveWaiterEventsAsync
Type: System.Net.WebSockets.WebSocketException
Message: Unable to connect to the remote server
Stack:    at System.Net.WebSockets.WebSocketHandle.ConnectAsync(Uri uri, HttpMessageInvoker invoker, CancellationToken cancellationToken, ClientWebSocketOptions options)
   at System.Net.WebSockets.ClientWebSocket.ConnectAsyncCore(Uri uri, HttpMessageInvoker invoker, CancellationToken cancellationToken)
   at GustoWaiter.Views.DashboardPage.ReceiveWaiterEventsAsync(CancellationToken ct) in C:\Users\Adithya\Desktop\demo1\pos_1st_cut\gusto_pos\GustoWaiter\Views\DashboardPage.xaml.cs:line 60
Inner: No connection could be made because the target machine actively refused it. (192.168.1.6:8000)
---
[2026-07-14 17:57:22] DashboardPage.ReceiveWaiterEventsAsync
Type: System.Net.WebSockets.WebSocketException
Message: Unable to connect to the remote server
Stack:    at System.Net.WebSockets.WebSocketHandle.ConnectAsync(Uri uri, HttpMessageInvoker invoker, CancellationToken cancellationToken, ClientWebSocketOptions options)
   at System.Net.WebSockets.ClientWebSocket.ConnectAsyncCore(Uri uri, HttpMessageInvoker invoker, CancellationToken cancellationToken)
   at GustoWaiter.Views.DashboardPage.ReceiveWaiterEventsAsync(CancellationToken ct) in C:\Users\Adithya\Desktop\demo1\pos_1st_cut\gusto_pos\GustoWaiter\Views\DashboardPage.xaml.cs:line 60
Inner: No connection could be made because the target machine actively refused it. (192.168.1.6:8000)
---
[2026-07-14 17:57:25] DashboardPage.ReceiveWaiterEventsAsync
Type: System.Net.WebSockets.WebSocketException
Message: Unable to connect to the remote server
Stack:    at System.Net.WebSockets.WebSocketHandle.ConnectAsync(Uri uri, HttpMessageInvoker invoker, CancellationToken cancellationToken, ClientWebSocketOptions options)
   at System.Net.WebSockets.ClientWebSocket.ConnectAsyncCore(Uri uri, HttpMessageInvoker invoker, CancellationToken cancellationToken)
   at GustoWaiter.Views.DashboardPage.ReceiveWaiterEventsAsync(CancellationToken ct) in C:\Users\Adithya\Desktop\demo1\pos_1st_cut\gusto_pos\GustoWaiter\Views\DashboardPage.xaml.cs:line 60
Inner: No connection could be made because the target machine actively refused it. (192.168.1.6:8000)
---
[2026-07-14 17:57:29] DashboardPage.ReceiveWaiterEventsAsync
Type: System.Net.WebSockets.WebSocketException
Message: Unable to connect to the remote server
Stack:    at System.Net.WebSockets.WebSocketHandle.ConnectAsync(Uri uri, HttpMessageInvoker invoker, CancellationToken cancellationToken, ClientWebSocketOptions options)
   at System.Net.WebSockets.ClientWebSocket.ConnectAsyncCore(Uri uri, HttpMessageInvoker invoker, CancellationToken cancellationToken)
   at GustoWaiter.Views.DashboardPage.ReceiveWaiterEventsAsync(CancellationToken ct) in C:\Users\Adithya\Desktop\demo1\pos_1st_cut\gusto_pos\GustoWaiter\Views\DashboardPage.xaml.cs:line 60
Inner: No connection could be made because the target machine actively refused it. (192.168.1.6:8000)
---
[2026-07-14 17:57:33] DashboardPage.ReceiveWaiterEventsAsync
Type: System.Net.WebSockets.WebSocketException
Message: Unable to connect to the remote server
Stack:    at System.Net.WebSockets.WebSocketHandle.ConnectAsync(Uri uri, HttpMessageInvoker invoker, CancellationToken cancellationToken, ClientWebSocketOptions options)
   at System.Net.WebSockets.ClientWebSocket.ConnectAsyncCore(Uri uri, HttpMessageInvoker invoker, CancellationToken cancellationToken)
   at GustoWaiter.Views.DashboardPage.ReceiveWaiterEventsAsync(CancellationToken ct) in C:\Users\Adithya\Desktop\demo1\pos_1st_cut\gusto_pos\GustoWaiter\Views\DashboardPage.xaml.cs:line 60
Inner: No connection could be made because the target machine actively refused it. (192.168.1.6:8000)
---
[2026-07-14 17:57:37] DashboardPage.ReceiveWaiterEventsAsync
Type: System.Net.WebSockets.WebSocketException
Message: Unable to connect to the remote server
Stack:    at System.Net.WebSockets.WebSocketHandle.ConnectAsync(Uri uri, HttpMessageInvoker invoker, CancellationToken cancellationToken, ClientWebSocketOptions options)
   at System.Net.WebSockets.ClientWebSocket.ConnectAsyncCore(Uri uri, HttpMessageInvoker invoker, CancellationToken cancellationToken)
   at GustoWaiter.Views.DashboardPage.ReceiveWaiterEventsAsync(CancellationToken ct) in C:\Users\Adithya\Desktop\demo1\pos_1st_cut\gusto_pos\GustoWaiter\Views\DashboardPage.xaml.cs:line 60
Inner: No connection could be made because the target machine actively refused it. (192.168.1.6:8000)
---
[2026-07-14 17:57:40] DashboardPage.ReceiveWaiterEventsAsync
Type: System.Net.WebSockets.WebSocketException
Message: Unable to connect to the remote server
Stack:    at System.Net.WebSockets.WebSocketHandle.ConnectAsync(Uri uri, HttpMessageInvoker invoker, CancellationToken cancellationToken, ClientWebSocketOptions options)
   at System.Net.WebSockets.ClientWebSocket.ConnectAsyncCore(Uri uri, HttpMessageInvoker invoker, CancellationToken cancellationToken)
   at GustoWaiter.Views.DashboardPage.ReceiveWaiterEventsAsync(CancellationToken ct) in C:\Users\Adithya\Desktop\demo1\pos_1st_cut\gusto_pos\GustoWaiter\Views\DashboardPage.xaml.cs:line 60
Inner: No connection could be made because the target machine actively refused it. (192.168.1.6:8000)
---
[2026-07-14 17:57:44] DashboardPage.ReceiveWaiterEventsAsync
Type: System.Net.WebSockets.WebSocketException
Message: Unable to connect to the remote server
Stack:    at System.Net.WebSockets.WebSocketHandle.ConnectAsync(Uri uri, HttpMessageInvoker invoker, CancellationToken cancellationToken, ClientWebSocketOptions options)
   at System.Net.WebSockets.ClientWebSocket.ConnectAsyncCore(Uri uri, HttpMessageInvoker invoker, CancellationToken cancellationToken)
   at GustoWaiter.Views.DashboardPage.ReceiveWaiterEventsAsync(CancellationToken ct) in C:\Users\Adithya\Desktop\demo1\pos_1st_cut\gusto_pos\GustoWaiter\Views\DashboardPage.xaml.cs:line 60
Inner: No connection could be made because the target machine actively refused it. (192.168.1.6:8000)
---
[2026-07-14 17:57:47] DashboardPage.ReceiveWaiterEventsAsync
Type: System.Net.WebSockets.WebSocketException
Message: Unable to connect to the remote server
Stack:    at System.Net.WebSockets.WebSocketHandle.ConnectAsync(Uri uri, HttpMessageInvoker invoker, CancellationToken cancellationToken, ClientWebSocketOptions options)
   at System.Net.WebSockets.ClientWebSocket.ConnectAsyncCore(Uri uri, HttpMessageInvoker invoker, CancellationToken cancellationToken)
   at GustoWaiter.Views.DashboardPage.ReceiveWaiterEventsAsync(CancellationToken ct) in C:\Users\Adithya\Desktop\demo1\pos_1st_cut\gusto_pos\GustoWaiter\Views\DashboardPage.xaml.cs:line 60
Inner: No connection could be made because the target machine actively refused it. (192.168.1.6:8000)
---
[2026-07-14 17:57:52] DashboardPage.ReceiveWaiterEventsAsync
Type: System.Net.WebSockets.WebSocketException
Message: Unable to connect to the remote server
Stack:    at System.Net.WebSockets.WebSocketHandle.ConnectAsync(Uri uri, HttpMessageInvoker invoker, CancellationToken cancellationToken, ClientWebSocketOptions options)
   at System.Net.WebSockets.ClientWebSocket.ConnectAsyncCore(Uri uri, HttpMessageInvoker invoker, CancellationToken cancellationToken)
   at GustoWaiter.Views.DashboardPage.ReceiveWaiterEventsAsync(CancellationToken ct) in C:\Users\Adithya\Desktop\demo1\pos_1st_cut\gusto_pos\GustoWaiter\Views\DashboardPage.xaml.cs:line 60
Inner: No connection could be made because the target machine actively refused it. (192.168.1.6:8000)
---
[2026-07-14 17:57:55] DashboardPage.ReceiveWaiterEventsAsync
Type: System.Net.WebSockets.WebSocketException
Message: Unable to connect to the remote server
Stack:    at System.Net.WebSockets.WebSocketHandle.ConnectAsync(Uri uri, HttpMessageInvoker invoker, CancellationToken cancellationToken, ClientWebSocketOptions options)
   at System.Net.WebSockets.ClientWebSocket.ConnectAsyncCore(Uri uri, HttpMessageInvoker invoker, CancellationToken cancellationToken)
   at GustoWaiter.Views.DashboardPage.ReceiveWaiterEventsAsync(CancellationToken ct) in C:\Users\Adithya\Desktop\demo1\pos_1st_cut\gusto_pos\GustoWaiter\Views\DashboardPage.xaml.cs:line 60
Inner: No connection could be made because the target machine actively refused it. (192.168.1.6:8000)
---
[2026-07-14 17:57:59] DashboardPage.ReceiveWaiterEventsAsync
Type: System.Net.WebSockets.WebSocketException
Message: Unable to connect to the remote server
Stack:    at System.Net.WebSockets.WebSocketHandle.ConnectAsync(Uri uri, HttpMessageInvoker invoker, CancellationToken cancellationToken, ClientWebSocketOptions options)
   at System.Net.WebSockets.ClientWebSocket.ConnectAsyncCore(Uri uri, HttpMessageInvoker invoker, CancellationToken cancellationToken)
   at GustoWaiter.Views.DashboardPage.ReceiveWaiterEventsAsync(CancellationToken ct) in C:\Users\Adithya\Desktop\demo1\pos_1st_cut\gusto_pos\GustoWaiter\Views\DashboardPage.xaml.cs:line 60
Inner: No connection could be made because the target machine actively refused it. (192.168.1.6:8000)
---
[2026-07-14 17:58:02] DashboardPage.ReceiveWaiterEventsAsync
Type: System.Net.WebSockets.WebSocketException
Message: Unable to connect to the remote server
Stack:    at System.Net.WebSockets.WebSocketHandle.ConnectAsync(Uri uri, HttpMessageInvoker invoker, CancellationToken cancellationToken, ClientWebSocketOptions options)
   at System.Net.WebSockets.ClientWebSocket.ConnectAsyncCore(Uri uri, HttpMessageInvoker invoker, CancellationToken cancellationToken)
   at GustoWaiter.Views.DashboardPage.ReceiveWaiterEventsAsync(CancellationToken ct) in C:\Users\Adithya\Desktop\demo1\pos_1st_cut\gusto_pos\GustoWaiter\Views\DashboardPage.xaml.cs:line 60
Inner: No connection could be made because the target machine actively refused it. (192.168.1.6:8000)
---
[2026-07-14 17:58:06] DashboardPage.ReceiveWaiterEventsAsync
Type: System.Net.WebSockets.WebSocketException
Message: Unable to connect to the remote server
Stack:    at System.Net.WebSockets.WebSocketHandle.ConnectAsync(Uri uri, HttpMessageInvoker invoker, CancellationToken cancellationToken, ClientWebSocketOptions options)
   at System.Net.WebSockets.ClientWebSocket.ConnectAsyncCore(Uri uri, HttpMessageInvoker invoker, CancellationToken cancellationToken)
   at GustoWaiter.Views.DashboardPage.ReceiveWaiterEventsAsync(CancellationToken ct) in C:\Users\Adithya\Desktop\demo1\pos_1st_cut\gusto_pos\GustoWaiter\Views\DashboardPage.xaml.cs:line 60
Inner: No connection could be made because the target machine actively refused it. (192.168.1.6:8000)
---
[2026-07-14 17:58:10] DashboardPage.ReceiveWaiterEventsAsync
Type: System.Net.WebSockets.WebSocketException
Message: Unable to connect to the remote server
Stack:    at System.Net.WebSockets.WebSocketHandle.ConnectAsync(Uri uri, HttpMessageInvoker invoker, CancellationToken cancellationToken, ClientWebSocketOptions options)
   at System.Net.WebSockets.ClientWebSocket.ConnectAsyncCore(Uri uri, HttpMessageInvoker invoker, CancellationToken cancellationToken)
   at GustoWaiter.Views.DashboardPage.ReceiveWaiterEventsAsync(CancellationToken ct) in C:\Users\Adithya\Desktop\demo1\pos_1st_cut\gusto_pos\GustoWaiter\Views\DashboardPage.xaml.cs:line 60
Inner: No connection could be made because the target machine actively refused it. (192.168.1.6:8000)
---
[2026-07-14 17:58:14] DashboardPage.ReceiveWaiterEventsAsync
Type: System.Net.WebSockets.WebSocketException
Message: Unable to connect to the remote server
Stack:    at System.Net.WebSockets.WebSocketHandle.ConnectAsync(Uri uri, HttpMessageInvoker invoker, CancellationToken cancellationToken, ClientWebSocketOptions options)
   at System.Net.WebSockets.ClientWebSocket.ConnectAsyncCore(Uri uri, HttpMessageInvoker invoker, CancellationToken cancellationToken)
   at GustoWaiter.Views.DashboardPage.ReceiveWaiterEventsAsync(CancellationToken ct) in C:\Users\Adithya\Desktop\demo1\pos_1st_cut\gusto_pos\GustoWaiter\Views\DashboardPage.xaml.cs:line 60
Inner: No connection could be made because the target machine actively refused it. (192.168.1.6:8000)
---
[2026-07-14 17:58:17] DashboardPage.ReceiveWaiterEventsAsync
Type: System.Net.WebSockets.WebSocketException
Message: Unable to connect to the remote server
Stack:    at System.Net.WebSockets.WebSocketHandle.ConnectAsync(Uri uri, HttpMessageInvoker invoker, CancellationToken cancellationToken, ClientWebSocketOptions options)
   at System.Net.WebSockets.ClientWebSocket.ConnectAsyncCore(Uri uri, HttpMessageInvoker invoker, CancellationToken cancellationToken)
   at GustoWaiter.Views.DashboardPage.ReceiveWaiterEventsAsync(CancellationToken ct) in C:\Users\Adithya\Desktop\demo1\pos_1st_cut\gusto_pos\GustoWaiter\Views\DashboardPage.xaml.cs:line 60
Inner: No connection could be made because the target machine actively refused it. (192.168.1.6:8000)
---
[2026-07-14 17:58:21] DashboardPage.ReceiveWaiterEventsAsync
Type: System.Net.WebSockets.WebSocketException
Message: Unable to connect to the remote server
Stack:    at System.Net.WebSockets.WebSocketHandle.ConnectAsync(Uri uri, HttpMessageInvoker invoker, CancellationToken cancellationToken, ClientWebSocketOptions options)
   at System.Net.WebSockets.ClientWebSocket.ConnectAsyncCore(Uri uri, HttpMessageInvoker invoker, CancellationToken cancellationToken)
   at GustoWaiter.Views.DashboardPage.ReceiveWaiterEventsAsync(CancellationToken ct) in C:\Users\Adithya\Desktop\demo1\pos_1st_cut\gusto_pos\GustoWaiter\Views\DashboardPage.xaml.cs:line 60
Inner: No connection could be made because the target machine actively refused it. (192.168.1.6:8000)
---
[2026-07-14 17:58:24] DashboardPage.ReceiveWaiterEventsAsync
Type: System.Net.WebSockets.WebSocketException
Message: Unable to connect to the remote server
Stack:    at System.Net.WebSockets.WebSocketHandle.ConnectAsync(Uri uri, HttpMessageInvoker invoker, CancellationToken cancellationToken, ClientWebSocketOptions options)
   at System.Net.WebSockets.ClientWebSocket.ConnectAsyncCore(Uri uri, HttpMessageInvoker invoker, CancellationToken cancellationToken)
   at GustoWaiter.Views.DashboardPage.ReceiveWaiterEventsAsync(CancellationToken ct) in C:\Users\Adithya\Desktop\demo1\pos_1st_cut\gusto_pos\GustoWaiter\Views\DashboardPage.xaml.cs:line 60
Inner: No connection could be made because the target machine actively refused it. (192.168.1.6:8000)
---
[2026-07-14 17:58:28] DashboardPage.ReceiveWaiterEventsAsync
Type: System.Net.WebSockets.WebSocketException
Message: Unable to connect to the remote server
Stack:    at System.Net.WebSockets.WebSocketHandle.ConnectAsync(Uri uri, HttpMessageInvoker invoker, CancellationToken cancellationToken, ClientWebSocketOptions options)
   at System.Net.WebSockets.ClientWebSocket.ConnectAsyncCore(Uri uri, HttpMessageInvoker invoker, CancellationToken cancellationToken)
   at GustoWaiter.Views.DashboardPage.ReceiveWaiterEventsAsync(CancellationToken ct) in C:\Users\Adithya\Desktop\demo1\pos_1st_cut\gusto_pos\GustoWaiter\Views\DashboardPage.xaml.cs:line 60
Inner: No connection could be made because the target machine actively refused it. (192.168.1.6:8000)
---
[2026-07-14 17:58:32] DashboardPage.ReceiveWaiterEventsAsync
Type: System.Net.WebSockets.WebSocketException
Message: Unable to connect to the remote server
Stack:    at System.Net.WebSockets.WebSocketHandle.ConnectAsync(Uri uri, HttpMessageInvoker invoker, CancellationToken cancellationToken, ClientWebSocketOptions options)
   at System.Net.WebSockets.ClientWebSocket.ConnectAsyncCore(Uri uri, HttpMessageInvoker invoker, CancellationToken cancellationToken)
   at GustoWaiter.Views.DashboardPage.ReceiveWaiterEventsAsync(CancellationToken ct) in C:\Users\Adithya\Desktop\demo1\pos_1st_cut\gusto_pos\GustoWaiter\Views\DashboardPage.xaml.cs:line 60
Inner: No connection could be made because the target machine actively refused it. (192.168.1.6:8000)
---
[2026-07-14 17:58:36] DashboardPage.ReceiveWaiterEventsAsync
Type: System.Net.WebSockets.WebSocketException
Message: Unable to connect to the remote server
Stack:    at System.Net.WebSockets.WebSocketHandle.ConnectAsync(Uri uri, HttpMessageInvoker invoker, CancellationToken cancellationToken, ClientWebSocketOptions options)
   at System.Net.WebSockets.ClientWebSocket.ConnectAsyncCore(Uri uri, HttpMessageInvoker invoker, CancellationToken cancellationToken)
   at GustoWaiter.Views.DashboardPage.ReceiveWaiterEventsAsync(CancellationToken ct) in C:\Users\Adithya\Desktop\demo1\pos_1st_cut\gusto_pos\GustoWaiter\Views\DashboardPage.xaml.cs:line 60
Inner: No connection could be made because the target machine actively refused it. (192.168.1.6:8000)
---
[2026-07-14 17:58:39] DashboardPage.ReceiveWaiterEventsAsync
Type: System.Net.WebSockets.WebSocketException
Message: Unable to connect to the remote server
Stack:    at System.Net.WebSockets.WebSocketHandle.ConnectAsync(Uri uri, HttpMessageInvoker invoker, CancellationToken cancellationToken, ClientWebSocketOptions options)
   at System.Net.WebSockets.ClientWebSocket.ConnectAsyncCore(Uri uri, HttpMessageInvoker invoker, CancellationToken cancellationToken)
   at GustoWaiter.Views.DashboardPage.ReceiveWaiterEventsAsync(CancellationToken ct) in C:\Users\Adithya\Desktop\demo1\pos_1st_cut\gusto_pos\GustoWaiter\Views\DashboardPage.xaml.cs:line 60
Inner: No connection could be made because the target machine actively refused it. (192.168.1.6:8000)
---
[2026-07-14 17:58:43] DashboardPage.ReceiveWaiterEventsAsync
Type: System.Net.WebSockets.WebSocketException
Message: Unable to connect to the remote server
Stack:    at System.Net.WebSockets.WebSocketHandle.ConnectAsync(Uri uri, HttpMessageInvoker invoker, CancellationToken cancellationToken, ClientWebSocketOptions options)
   at System.Net.WebSockets.ClientWebSocket.ConnectAsyncCore(Uri uri, HttpMessageInvoker invoker, CancellationToken cancellationToken)
   at GustoWaiter.Views.DashboardPage.ReceiveWaiterEventsAsync(CancellationToken ct) in C:\Users\Adithya\Desktop\demo1\pos_1st_cut\gusto_pos\GustoWaiter\Views\DashboardPage.xaml.cs:line 60
Inner: No connection could be made because the target machine actively refused it. (192.168.1.6:8000)
---
[2026-07-14 17:58:46] DashboardPage.ReceiveWaiterEventsAsync
Type: System.Net.WebSockets.WebSocketException
Message: Unable to connect to the remote server
Stack:    at System.Net.WebSockets.WebSocketHandle.ConnectAsync(Uri uri, HttpMessageInvoker invoker, CancellationToken cancellationToken, ClientWebSocketOptions options)
   at System.Net.WebSockets.ClientWebSocket.ConnectAsyncCore(Uri uri, HttpMessageInvoker invoker, CancellationToken cancellationToken)
   at GustoWaiter.Views.DashboardPage.ReceiveWaiterEventsAsync(CancellationToken ct) in C:\Users\Adithya\Desktop\demo1\pos_1st_cut\gusto_pos\GustoWaiter\Views\DashboardPage.xaml.cs:line 60
Inner: No connection could be made because the target machine actively refused it. (192.168.1.6:8000)
---
[2026-07-14 17:58:50] DashboardPage.ReceiveWaiterEventsAsync
Type: System.Net.WebSockets.WebSocketException
Message: Unable to connect to the remote server
Stack:    at System.Net.WebSockets.WebSocketHandle.ConnectAsync(Uri uri, HttpMessageInvoker invoker, CancellationToken cancellationToken, ClientWebSocketOptions options)
   at System.Net.WebSockets.ClientWebSocket.ConnectAsyncCore(Uri uri, HttpMessageInvoker invoker, CancellationToken cancellationToken)
   at GustoWaiter.Views.DashboardPage.ReceiveWaiterEventsAsync(CancellationToken ct) in C:\Users\Adithya\Desktop\demo1\pos_1st_cut\gusto_pos\GustoWaiter\Views\DashboardPage.xaml.cs:line 60
Inner: No connection could be made because the target machine actively refused it. (192.168.1.6:8000)
---
[2026-07-14 17:58:53] DashboardPage.ReceiveWaiterEventsAsync
Type: System.Net.WebSockets.WebSocketException
Message: Unable to connect to the remote server
Stack:    at System.Net.WebSockets.WebSocketHandle.ConnectAsync(Uri uri, HttpMessageInvoker invoker, CancellationToken cancellationToken, ClientWebSocketOptions options)
   at System.Net.WebSockets.ClientWebSocket.ConnectAsyncCore(Uri uri, HttpMessageInvoker invoker, CancellationToken cancellationToken)
   at GustoWaiter.Views.DashboardPage.ReceiveWaiterEventsAsync(CancellationToken ct) in C:\Users\Adithya\Desktop\demo1\pos_1st_cut\gusto_pos\GustoWaiter\Views\DashboardPage.xaml.cs:line 60
Inner: No connection could be made because the target machine actively refused it. (192.168.1.6:8000)
---
[2026-07-14 17:59:13] DashboardPage.ReceiveWaiterEventsAsync
Type: System.Net.WebSockets.WebSocketException
Message: Unable to connect to the remote server
Stack:    at System.Net.WebSockets.WebSocketHandle.ConnectAsync(Uri uri, HttpMessageInvoker invoker, CancellationToken cancellationToken, ClientWebSocketOptions options)
   at System.Net.WebSockets.ClientWebSocket.ConnectAsyncCore(Uri uri, HttpMessageInvoker invoker, CancellationToken cancellationToken)
   at GustoWaiter.Views.DashboardPage.ReceiveWaiterEventsAsync(CancellationToken ct) in C:\Users\Adithya\Desktop\demo1\pos_1st_cut\gusto_pos\GustoWaiter\Views\DashboardPage.xaml.cs:line 60
Inner: No connection could be made because the target machine actively refused it. (192.168.1.6:8000)
---
[2026-07-14 17:59:17] DashboardPage.ReceiveWaiterEventsAsync
Type: System.Net.WebSockets.WebSocketException
Message: Unable to connect to the remote server
Stack:    at System.Net.WebSockets.WebSocketHandle.ConnectAsync(Uri uri, HttpMessageInvoker invoker, CancellationToken cancellationToken, ClientWebSocketOptions options)
   at System.Net.WebSockets.ClientWebSocket.ConnectAsyncCore(Uri uri, HttpMessageInvoker invoker, CancellationToken cancellationToken)
   at GustoWaiter.Views.DashboardPage.ReceiveWaiterEventsAsync(CancellationToken ct) in C:\Users\Adithya\Desktop\demo1\pos_1st_cut\gusto_pos\GustoWaiter\Views\DashboardPage.xaml.cs:line 60
Inner: No connection could be made because the target machine actively refused it. (192.168.1.6:8000)
---
[2026-07-14 17:59:20] DashboardPage.ReceiveWaiterEventsAsync
Type: System.Net.WebSockets.WebSocketException
Message: Unable to connect to the remote server
Stack:    at System.Net.WebSockets.WebSocketHandle.ConnectAsync(Uri uri, HttpMessageInvoker invoker, CancellationToken cancellationToken, ClientWebSocketOptions options)
   at System.Net.WebSockets.ClientWebSocket.ConnectAsyncCore(Uri uri, HttpMessageInvoker invoker, CancellationToken cancellationToken)
   at GustoWaiter.Views.DashboardPage.ReceiveWaiterEventsAsync(CancellationToken ct) in C:\Users\Adithya\Desktop\demo1\pos_1st_cut\gusto_pos\GustoWaiter\Views\DashboardPage.xaml.cs:line 60
Inner: No connection could be made because the target machine actively refused it. (192.168.1.6:8000)
---
[2026-07-14 17:59:24] DashboardPage.ReceiveWaiterEventsAsync
Type: System.Net.WebSockets.WebSocketException
Message: Unable to connect to the remote server
Stack:    at System.Net.WebSockets.WebSocketHandle.ConnectAsync(Uri uri, HttpMessageInvoker invoker, CancellationToken cancellationToken, ClientWebSocketOptions options)
   at System.Net.WebSockets.ClientWebSocket.ConnectAsyncCore(Uri uri, HttpMessageInvoker invoker, CancellationToken cancellationToken)
   at GustoWaiter.Views.DashboardPage.ReceiveWaiterEventsAsync(CancellationToken ct) in C:\Users\Adithya\Desktop\demo1\pos_1st_cut\gusto_pos\GustoWaiter\Views\DashboardPage.xaml.cs:line 60
Inner: No connection could be made because the target machine actively refused it. (192.168.1.6:8000)
---
[2026-07-14 17:59:28] DashboardPage.ReceiveWaiterEventsAsync
Type: System.Net.WebSockets.WebSocketException
Message: Unable to connect to the remote server
Stack:    at System.Net.WebSockets.WebSocketHandle.ConnectAsync(Uri uri, HttpMessageInvoker invoker, CancellationToken cancellationToken, ClientWebSocketOptions options)
   at System.Net.WebSockets.ClientWebSocket.ConnectAsyncCore(Uri uri, HttpMessageInvoker invoker, CancellationToken cancellationToken)
   at GustoWaiter.Views.DashboardPage.ReceiveWaiterEventsAsync(CancellationToken ct) in C:\Users\Adithya\Desktop\demo1\pos_1st_cut\gusto_pos\GustoWaiter\Views\DashboardPage.xaml.cs:line 60
Inner: No connection could be made because the target machine actively refused it. (192.168.1.6:8000)
---
[2026-07-14 17:59:32] DashboardPage.ReceiveWaiterEventsAsync
Type: System.Net.WebSockets.WebSocketException
Message: Unable to connect to the remote server
Stack:    at System.Net.WebSockets.WebSocketHandle.ConnectAsync(Uri uri, HttpMessageInvoker invoker, CancellationToken cancellationToken, ClientWebSocketOptions options)
   at System.Net.WebSockets.ClientWebSocket.ConnectAsyncCore(Uri uri, HttpMessageInvoker invoker, CancellationToken cancellationToken)
   at GustoWaiter.Views.DashboardPage.ReceiveWaiterEventsAsync(CancellationToken ct) in C:\Users\Adithya\Desktop\demo1\pos_1st_cut\gusto_pos\GustoWaiter\Views\DashboardPage.xaml.cs:line 60
Inner: No connection could be made because the target machine actively refused it. (192.168.1.6:8000)
---
[2026-07-14 17:59:35] DashboardPage.ReceiveWaiterEventsAsync
Type: System.Net.WebSockets.WebSocketException
Message: Unable to connect to the remote server
Stack:    at System.Net.WebSockets.WebSocketHandle.ConnectAsync(Uri uri, HttpMessageInvoker invoker, CancellationToken cancellationToken, ClientWebSocketOptions options)
   at System.Net.WebSockets.ClientWebSocket.ConnectAsyncCore(Uri uri, HttpMessageInvoker invoker, CancellationToken cancellationToken)
   at GustoWaiter.Views.DashboardPage.ReceiveWaiterEventsAsync(CancellationToken ct) in C:\Users\Adithya\Desktop\demo1\pos_1st_cut\gusto_pos\GustoWaiter\Views\DashboardPage.xaml.cs:line 60
Inner: No connection could be made because the target machine actively refused it. (192.168.1.6:8000)
---
[2026-07-14 17:59:39] DashboardPage.ReceiveWaiterEventsAsync
Type: System.Net.WebSockets.WebSocketException
Message: Unable to connect to the remote server
Stack:    at System.Net.WebSockets.WebSocketHandle.ConnectAsync(Uri uri, HttpMessageInvoker invoker, CancellationToken cancellationToken, ClientWebSocketOptions options)
   at System.Net.WebSockets.ClientWebSocket.ConnectAsyncCore(Uri uri, HttpMessageInvoker invoker, CancellationToken cancellationToken)
   at GustoWaiter.Views.DashboardPage.ReceiveWaiterEventsAsync(CancellationToken ct) in C:\Users\Adithya\Desktop\demo1\pos_1st_cut\gusto_pos\GustoWaiter\Views\DashboardPage.xaml.cs:line 60
Inner: No connection could be made because the target machine actively refused it. (192.168.1.6:8000)
---
[2026-07-14 17:59:42] DashboardPage.ReceiveWaiterEventsAsync
Type: System.Net.WebSockets.WebSocketException
Message: Unable to connect to the remote server
Stack:    at System.Net.WebSockets.WebSocketHandle.ConnectAsync(Uri uri, HttpMessageInvoker invoker, CancellationToken cancellationToken, ClientWebSocketOptions options)
   at System.Net.WebSockets.ClientWebSocket.ConnectAsyncCore(Uri uri, HttpMessageInvoker invoker, CancellationToken cancellationToken)
   at GustoWaiter.Views.DashboardPage.ReceiveWaiterEventsAsync(CancellationToken ct) in C:\Users\Adithya\Desktop\demo1\pos_1st_cut\gusto_pos\GustoWaiter\Views\DashboardPage.xaml.cs:line 60
Inner: No connection could be made because the target machine actively refused it. (192.168.1.6:8000)
---
[2026-07-14 17:59:46] DashboardPage.ReceiveWaiterEventsAsync
Type: System.Net.WebSockets.WebSocketException
Message: Unable to connect to the remote server
Stack:    at System.Net.WebSockets.WebSocketHandle.ConnectAsync(Uri uri, HttpMessageInvoker invoker, CancellationToken cancellationToken, ClientWebSocketOptions options)
   at System.Net.WebSockets.ClientWebSocket.ConnectAsyncCore(Uri uri, HttpMessageInvoker invoker, CancellationToken cancellationToken)
   at GustoWaiter.Views.DashboardPage.ReceiveWaiterEventsAsync(CancellationToken ct) in C:\Users\Adithya\Desktop\demo1\pos_1st_cut\gusto_pos\GustoWaiter\Views\DashboardPage.xaml.cs:line 60
Inner: No connection could be made because the target machine actively refused it. (192.168.1.6:8000)
---
[2026-07-14 17:59:50] DashboardPage.ReceiveWaiterEventsAsync
Type: System.Net.WebSockets.WebSocketException
Message: Unable to connect to the remote server
Stack:    at System.Net.WebSockets.WebSocketHandle.ConnectAsync(Uri uri, HttpMessageInvoker invoker, CancellationToken cancellationToken, ClientWebSocketOptions options)
   at System.Net.WebSockets.ClientWebSocket.ConnectAsyncCore(Uri uri, HttpMessageInvoker invoker, CancellationToken cancellationToken)
   at GustoWaiter.Views.DashboardPage.ReceiveWaiterEventsAsync(CancellationToken ct) in C:\Users\Adithya\Desktop\demo1\pos_1st_cut\gusto_pos\GustoWaiter\Views\DashboardPage.xaml.cs:line 60
Inner: No connection could be made because the target machine actively refused it. (192.168.1.6:8000)
---
[2026-07-14 17:59:54] DashboardPage.ReceiveWaiterEventsAsync
Type: System.Net.WebSockets.WebSocketException
Message: Unable to connect to the remote server
Stack:    at System.Net.WebSockets.WebSocketHandle.ConnectAsync(Uri uri, HttpMessageInvoker invoker, CancellationToken cancellationToken, ClientWebSocketOptions options)
   at System.Net.WebSockets.ClientWebSocket.ConnectAsyncCore(Uri uri, HttpMessageInvoker invoker, CancellationToken cancellationToken)
   at GustoWaiter.Views.DashboardPage.ReceiveWaiterEventsAsync(CancellationToken ct) in C:\Users\Adithya\Desktop\demo1\pos_1st_cut\gusto_pos\GustoWaiter\Views\DashboardPage.xaml.cs:line 60
Inner: No connection could be made because the target machine actively refused it. (192.168.1.6:8000)
---
[2026-07-14 17:59:57] DashboardPage.ReceiveWaiterEventsAsync
Type: System.Net.WebSockets.WebSocketException
Message: Unable to connect to the remote server
Stack:    at System.Net.WebSockets.WebSocketHandle.ConnectAsync(Uri uri, HttpMessageInvoker invoker, CancellationToken cancellationToken, ClientWebSocketOptions options)
   at System.Net.WebSockets.ClientWebSocket.ConnectAsyncCore(Uri uri, HttpMessageInvoker invoker, CancellationToken cancellationToken)
   at GustoWaiter.Views.DashboardPage.ReceiveWaiterEventsAsync(CancellationToken ct) in C:\Users\Adithya\Desktop\demo1\pos_1st_cut\gusto_pos\GustoWaiter\Views\DashboardPage.xaml.cs:line 60
Inner: No connection could be made because the target machine actively refused it. (192.168.1.6:8000)
---
[2026-07-14 18:00:01] DashboardPage.ReceiveWaiterEventsAsync
Type: System.Net.WebSockets.WebSocketException
Message: Unable to connect to the remote server
Stack:    at System.Net.WebSockets.WebSocketHandle.ConnectAsync(Uri uri, HttpMessageInvoker invoker, CancellationToken cancellationToken, ClientWebSocketOptions options)
   at System.Net.WebSockets.ClientWebSocket.ConnectAsyncCore(Uri uri, HttpMessageInvoker invoker, CancellationToken cancellationToken)
   at GustoWaiter.Views.DashboardPage.ReceiveWaiterEventsAsync(CancellationToken ct) in C:\Users\Adithya\Desktop\demo1\pos_1st_cut\gusto_pos\GustoWaiter\Views\DashboardPage.xaml.cs:line 60
Inner: No connection could be made because the target machine actively refused it. (192.168.1.6:8000)
---
[2026-07-14 18:00:04] DashboardPage.ReceiveWaiterEventsAsync
Type: System.Net.WebSockets.WebSocketException
Message: Unable to connect to the remote server
Stack:    at System.Net.WebSockets.WebSocketHandle.ConnectAsync(Uri uri, HttpMessageInvoker invoker, CancellationToken cancellationToken, ClientWebSocketOptions options)
   at System.Net.WebSockets.ClientWebSocket.ConnectAsyncCore(Uri uri, HttpMessageInvoker invoker, CancellationToken cancellationToken)
   at GustoWaiter.Views.DashboardPage.ReceiveWaiterEventsAsync(CancellationToken ct) in C:\Users\Adithya\Desktop\demo1\pos_1st_cut\gusto_pos\GustoWaiter\Views\DashboardPage.xaml.cs:line 60
Inner: No connection could be made because the target machine actively refused it. (192.168.1.6:8000)
---
[2026-07-14 18:00:09] DashboardPage.ReceiveWaiterEventsAsync
Type: System.Net.WebSockets.WebSocketException
Message: Unable to connect to the remote server
Stack:    at System.Net.WebSockets.WebSocketHandle.ConnectAsync(Uri uri, HttpMessageInvoker invoker, CancellationToken cancellationToken, ClientWebSocketOptions options)
   at System.Net.WebSockets.ClientWebSocket.ConnectAsyncCore(Uri uri, HttpMessageInvoker invoker, CancellationToken cancellationToken)
   at GustoWaiter.Views.DashboardPage.ReceiveWaiterEventsAsync(CancellationToken ct) in C:\Users\Adithya\Desktop\demo1\pos_1st_cut\gusto_pos\GustoWaiter\Views\DashboardPage.xaml.cs:line 60
Inner: No connection could be made because the target machine actively refused it. (192.168.1.6:8000)
---
[2026-07-14 18:00:12] DashboardPage.ReceiveWaiterEventsAsync
Type: System.Net.WebSockets.WebSocketException
Message: Unable to connect to the remote server
Stack:    at System.Net.WebSockets.WebSocketHandle.ConnectAsync(Uri uri, HttpMessageInvoker invoker, CancellationToken cancellationToken, ClientWebSocketOptions options)
   at System.Net.WebSockets.ClientWebSocket.ConnectAsyncCore(Uri uri, HttpMessageInvoker invoker, CancellationToken cancellationToken)
   at GustoWaiter.Views.DashboardPage.ReceiveWaiterEventsAsync(CancellationToken ct) in C:\Users\Adithya\Desktop\demo1\pos_1st_cut\gusto_pos\GustoWaiter\Views\DashboardPage.xaml.cs:line 60
Inner: No connection could be made because the target machine actively refused it. (192.168.1.6:8000)
---
[2026-07-14 18:00:16] DashboardPage.ReceiveWaiterEventsAsync
Type: System.Net.WebSockets.WebSocketException
Message: Unable to connect to the remote server
Stack:    at System.Net.WebSockets.WebSocketHandle.ConnectAsync(Uri uri, HttpMessageInvoker invoker, CancellationToken cancellationToken, ClientWebSocketOptions options)
   at System.Net.WebSockets.ClientWebSocket.ConnectAsyncCore(Uri uri, HttpMessageInvoker invoker, CancellationToken cancellationToken)
   at GustoWaiter.Views.DashboardPage.ReceiveWaiterEventsAsync(CancellationToken ct) in C:\Users\Adithya\Desktop\demo1\pos_1st_cut\gusto_pos\GustoWaiter\Views\DashboardPage.xaml.cs:line 60
Inner: No connection could be made because the target machine actively refused it. (192.168.1.6:8000)
---
[2026-07-14 18:00:19] DashboardPage.ReceiveWaiterEventsAsync
Type: System.Net.WebSockets.WebSocketException
Message: Unable to connect to the remote server
Stack:    at System.Net.WebSockets.WebSocketHandle.ConnectAsync(Uri uri, HttpMessageInvoker invoker, CancellationToken cancellationToken, ClientWebSocketOptions options)
   at System.Net.WebSockets.ClientWebSocket.ConnectAsyncCore(Uri uri, HttpMessageInvoker invoker, CancellationToken cancellationToken)
   at GustoWaiter.Views.DashboardPage.ReceiveWaiterEventsAsync(CancellationToken ct) in C:\Users\Adithya\Desktop\demo1\pos_1st_cut\gusto_pos\GustoWaiter\Views\DashboardPage.xaml.cs:line 60
Inner: No connection could be made because the target machine actively refused it. (192.168.1.6:8000)
---
[2026-07-14 18:00:23] DashboardPage.ReceiveWaiterEventsAsync
Type: System.Net.WebSockets.WebSocketException
Message: Unable to connect to the remote server
Stack:    at System.Net.WebSockets.WebSocketHandle.ConnectAsync(Uri uri, HttpMessageInvoker invoker, CancellationToken cancellationToken, ClientWebSocketOptions options)
   at System.Net.WebSockets.ClientWebSocket.ConnectAsyncCore(Uri uri, HttpMessageInvoker invoker, CancellationToken cancellationToken)
   at GustoWaiter.Views.DashboardPage.ReceiveWaiterEventsAsync(CancellationToken ct) in C:\Users\Adithya\Desktop\demo1\pos_1st_cut\gusto_pos\GustoWaiter\Views\DashboardPage.xaml.cs:line 60
Inner: No connection could be made because the target machine actively refused it. (192.168.1.6:8000)
---
[2026-07-14 18:00:27] DashboardPage.ReceiveWaiterEventsAsync
Type: System.Net.WebSockets.WebSocketException
Message: Unable to connect to the remote server
Stack:    at System.Net.WebSockets.WebSocketHandle.ConnectAsync(Uri uri, HttpMessageInvoker invoker, CancellationToken cancellationToken, ClientWebSocketOptions options)
   at System.Net.WebSockets.ClientWebSocket.ConnectAsyncCore(Uri uri, HttpMessageInvoker invoker, CancellationToken cancellationToken)
   at GustoWaiter.Views.DashboardPage.ReceiveWaiterEventsAsync(CancellationToken ct) in C:\Users\Adithya\Desktop\demo1\pos_1st_cut\gusto_pos\GustoWaiter\Views\DashboardPage.xaml.cs:line 60
Inner: No connection could be made because the target machine actively refused it. (192.168.1.6:8000)
---
[2026-07-14 18:00:31] DashboardPage.ReceiveWaiterEventsAsync
Type: System.Net.WebSockets.WebSocketException
Message: Unable to connect to the remote server
Stack:    at System.Net.WebSockets.WebSocketHandle.ConnectAsync(Uri uri, HttpMessageInvoker invoker, CancellationToken cancellationToken, ClientWebSocketOptions options)
   at System.Net.WebSockets.ClientWebSocket.ConnectAsyncCore(Uri uri, HttpMessageInvoker invoker, CancellationToken cancellationToken)
   at GustoWaiter.Views.DashboardPage.ReceiveWaiterEventsAsync(CancellationToken ct) in C:\Users\Adithya\Desktop\demo1\pos_1st_cut\gusto_pos\GustoWaiter\Views\DashboardPage.xaml.cs:line 60
Inner: No connection could be made because the target machine actively refused it. (192.168.1.6:8000)
---
[2026-07-14 18:00:34] DashboardPage.ReceiveWaiterEventsAsync
Type: System.Net.WebSockets.WebSocketException
Message: Unable to connect to the remote server
Stack:    at System.Net.WebSockets.WebSocketHandle.ConnectAsync(Uri uri, HttpMessageInvoker invoker, CancellationToken cancellationToken, ClientWebSocketOptions options)
   at System.Net.WebSockets.ClientWebSocket.ConnectAsyncCore(Uri uri, HttpMessageInvoker invoker, CancellationToken cancellationToken)
   at GustoWaiter.Views.DashboardPage.ReceiveWaiterEventsAsync(CancellationToken ct) in C:\Users\Adithya\Desktop\demo1\pos_1st_cut\gusto_pos\GustoWaiter\Views\DashboardPage.xaml.cs:line 60
Inner: No connection could be made because the target machine actively refused it. (192.168.1.6:8000)
---
[2026-07-14 18:00:38] DashboardPage.ReceiveWaiterEventsAsync
Type: System.Net.WebSockets.WebSocketException
Message: Unable to connect to the remote server
Stack:    at System.Net.WebSockets.WebSocketHandle.ConnectAsync(Uri uri, HttpMessageInvoker invoker, CancellationToken cancellationToken, ClientWebSocketOptions options)
   at System.Net.WebSockets.ClientWebSocket.ConnectAsyncCore(Uri uri, HttpMessageInvoker invoker, CancellationToken cancellationToken)
   at GustoWaiter.Views.DashboardPage.ReceiveWaiterEventsAsync(CancellationToken ct) in C:\Users\Adithya\Desktop\demo1\pos_1st_cut\gusto_pos\GustoWaiter\Views\DashboardPage.xaml.cs:line 60
Inner: No connection could be made because the target machine actively refused it. (192.168.1.6:8000)
---
[2026-07-14 18:00:41] DashboardPage.ReceiveWaiterEventsAsync
Type: System.Net.WebSockets.WebSocketException
Message: Unable to connect to the remote server
Stack:    at System.Net.WebSockets.WebSocketHandle.ConnectAsync(Uri uri, HttpMessageInvoker invoker, CancellationToken cancellationToken, ClientWebSocketOptions options)
   at System.Net.WebSockets.ClientWebSocket.ConnectAsyncCore(Uri uri, HttpMessageInvoker invoker, CancellationToken cancellationToken)
   at GustoWaiter.Views.DashboardPage.ReceiveWaiterEventsAsync(CancellationToken ct) in C:\Users\Adithya\Desktop\demo1\pos_1st_cut\gusto_pos\GustoWaiter\Views\DashboardPage.xaml.cs:line 60
Inner: No connection could be made because the target machine actively refused it. (192.168.1.6:8000)
---
[2026-07-14 18:00:45] DashboardPage.ReceiveWaiterEventsAsync
Type: System.Net.WebSockets.WebSocketException
Message: Unable to connect to the remote server
Stack:    at System.Net.WebSockets.WebSocketHandle.ConnectAsync(Uri uri, HttpMessageInvoker invoker, CancellationToken cancellationToken, ClientWebSocketOptions options)
   at System.Net.WebSockets.ClientWebSocket.ConnectAsyncCore(Uri uri, HttpMessageInvoker invoker, CancellationToken cancellationToken)
   at GustoWaiter.Views.DashboardPage.ReceiveWaiterEventsAsync(CancellationToken ct) in C:\Users\Adithya\Desktop\demo1\pos_1st_cut\gusto_pos\GustoWaiter\Views\DashboardPage.xaml.cs:line 60
Inner: No connection could be made because the target machine actively refused it. (192.168.1.6:8000)
---
[2026-07-14 18:00:49] DashboardPage.ReceiveWaiterEventsAsync
Type: System.Net.WebSockets.WebSocketException
Message: Unable to connect to the remote server
Stack:    at System.Net.WebSockets.WebSocketHandle.ConnectAsync(Uri uri, HttpMessageInvoker invoker, CancellationToken cancellationToken, ClientWebSocketOptions options)
   at System.Net.WebSockets.ClientWebSocket.ConnectAsyncCore(Uri uri, HttpMessageInvoker invoker, CancellationToken cancellationToken)
   at GustoWaiter.Views.DashboardPage.ReceiveWaiterEventsAsync(CancellationToken ct) in C:\Users\Adithya\Desktop\demo1\pos_1st_cut\gusto_pos\GustoWaiter\Views\DashboardPage.xaml.cs:line 60
Inner: No connection could be made because the target machine actively refused it. (192.168.1.6:8000)
---
[2026-07-14 18:00:53] DashboardPage.ReceiveWaiterEventsAsync
Type: System.Net.WebSockets.WebSocketException
Message: Unable to connect to the remote server
Stack:    at System.Net.WebSockets.WebSocketHandle.ConnectAsync(Uri uri, HttpMessageInvoker invoker, CancellationToken cancellationToken, ClientWebSocketOptions options)
   at System.Net.WebSockets.ClientWebSocket.ConnectAsyncCore(Uri uri, HttpMessageInvoker invoker, CancellationToken cancellationToken)
   at GustoWaiter.Views.DashboardPage.ReceiveWaiterEventsAsync(CancellationToken ct) in C:\Users\Adithya\Desktop\demo1\pos_1st_cut\gusto_pos\GustoWaiter\Views\DashboardPage.xaml.cs:line 60
Inner: No connection could be made because the target machine actively refused it. (192.168.1.6:8000)
---
[2026-07-14 18:00:56] DashboardPage.ReceiveWaiterEventsAsync
Type: System.Net.WebSockets.WebSocketException
Message: Unable to connect to the remote server
Stack:    at System.Net.WebSockets.WebSocketHandle.ConnectAsync(Uri uri, HttpMessageInvoker invoker, CancellationToken cancellationToken, ClientWebSocketOptions options)
   at System.Net.WebSockets.ClientWebSocket.ConnectAsyncCore(Uri uri, HttpMessageInvoker invoker, CancellationToken cancellationToken)
   at GustoWaiter.Views.DashboardPage.ReceiveWaiterEventsAsync(CancellationToken ct) in C:\Users\Adithya\Desktop\demo1\pos_1st_cut\gusto_pos\GustoWaiter\Views\DashboardPage.xaml.cs:line 60
Inner: No connection could be made because the target machine actively refused it. (192.168.1.6:8000)
---
[2026-07-14 18:01:00] DashboardPage.ReceiveWaiterEventsAsync
Type: System.Net.WebSockets.WebSocketException
Message: Unable to connect to the remote server
Stack:    at System.Net.WebSockets.WebSocketHandle.ConnectAsync(Uri uri, HttpMessageInvoker invoker, CancellationToken cancellationToken, ClientWebSocketOptions options)
   at System.Net.WebSockets.ClientWebSocket.ConnectAsyncCore(Uri uri, HttpMessageInvoker invoker, CancellationToken cancellationToken)
   at GustoWaiter.Views.DashboardPage.ReceiveWaiterEventsAsync(CancellationToken ct) in C:\Users\Adithya\Desktop\demo1\pos_1st_cut\gusto_pos\GustoWaiter\Views\DashboardPage.xaml.cs:line 60
Inner: No connection could be made because the target machine actively refused it. (192.168.1.6:8000)
---
[2026-07-14 18:01:04] DashboardPage.ReceiveWaiterEventsAsync
Type: System.Net.WebSockets.WebSocketException
Message: Unable to connect to the remote server
Stack:    at System.Net.WebSockets.WebSocketHandle.ConnectAsync(Uri uri, HttpMessageInvoker invoker, CancellationToken cancellationToken, ClientWebSocketOptions options)
   at System.Net.WebSockets.ClientWebSocket.ConnectAsyncCore(Uri uri, HttpMessageInvoker invoker, CancellationToken cancellationToken)
   at GustoWaiter.Views.DashboardPage.ReceiveWaiterEventsAsync(CancellationToken ct) in C:\Users\Adithya\Desktop\demo1\pos_1st_cut\gusto_pos\GustoWaiter\Views\DashboardPage.xaml.cs:line 60
Inner: No connection could be made because the target machine actively refused it. (192.168.1.6:8000)
---
[2026-07-14 18:01:08] DashboardPage.ReceiveWaiterEventsAsync
Type: System.Net.WebSockets.WebSocketException
Message: Unable to connect to the remote server
Stack:    at System.Net.WebSockets.WebSocketHandle.ConnectAsync(Uri uri, HttpMessageInvoker invoker, CancellationToken cancellationToken, ClientWebSocketOptions options)
   at System.Net.WebSockets.ClientWebSocket.ConnectAsyncCore(Uri uri, HttpMessageInvoker invoker, CancellationToken cancellationToken)
   at GustoWaiter.Views.DashboardPage.ReceiveWaiterEventsAsync(CancellationToken ct) in C:\Users\Adithya\Desktop\demo1\pos_1st_cut\gusto_pos\GustoWaiter\Views\DashboardPage.xaml.cs:line 60
Inner: No connection could be made because the target machine actively refused it. (192.168.1.6:8000)
---
[2026-07-14 18:01:11] DashboardPage.ReceiveWaiterEventsAsync
Type: System.Net.WebSockets.WebSocketException
Message: Unable to connect to the remote server
Stack:    at System.Net.WebSockets.WebSocketHandle.ConnectAsync(Uri uri, HttpMessageInvoker invoker, CancellationToken cancellationToken, ClientWebSocketOptions options)
   at System.Net.WebSockets.ClientWebSocket.ConnectAsyncCore(Uri uri, HttpMessageInvoker invoker, CancellationToken cancellationToken)
   at GustoWaiter.Views.DashboardPage.ReceiveWaiterEventsAsync(CancellationToken ct) in C:\Users\Adithya\Desktop\demo1\pos_1st_cut\gusto_pos\GustoWaiter\Views\DashboardPage.xaml.cs:line 60
Inner: No connection could be made because the target machine actively refused it. (192.168.1.6:8000)
---
[2026-07-14 18:01:15] DashboardPage.ReceiveWaiterEventsAsync
Type: System.Net.WebSockets.WebSocketException
Message: Unable to connect to the remote server
Stack:    at System.Net.WebSockets.WebSocketHandle.ConnectAsync(Uri uri, HttpMessageInvoker invoker, CancellationToken cancellationToken, ClientWebSocketOptions options)
   at System.Net.WebSockets.ClientWebSocket.ConnectAsyncCore(Uri uri, HttpMessageInvoker invoker, CancellationToken cancellationToken)
   at GustoWaiter.Views.DashboardPage.ReceiveWaiterEventsAsync(CancellationToken ct) in C:\Users\Adithya\Desktop\demo1\pos_1st_cut\gusto_pos\GustoWaiter\Views\DashboardPage.xaml.cs:line 60
Inner: No connection could be made because the target machine actively refused it. (192.168.1.6:8000)
---
[2026-07-14 18:01:18] DashboardPage.ReceiveWaiterEventsAsync
Type: System.Net.WebSockets.WebSocketException
Message: Unable to connect to the remote server
Stack:    at System.Net.WebSockets.WebSocketHandle.ConnectAsync(Uri uri, HttpMessageInvoker invoker, CancellationToken cancellationToken, ClientWebSocketOptions options)
   at System.Net.WebSockets.ClientWebSocket.ConnectAsyncCore(Uri uri, HttpMessageInvoker invoker, CancellationToken cancellationToken)
   at GustoWaiter.Views.DashboardPage.ReceiveWaiterEventsAsync(CancellationToken ct) in C:\Users\Adithya\Desktop\demo1\pos_1st_cut\gusto_pos\GustoWaiter\Views\DashboardPage.xaml.cs:line 60
Inner: No connection could be made because the target machine actively refused it. (192.168.1.6:8000)
---
[2026-07-14 18:01:22] DashboardPage.ReceiveWaiterEventsAsync
Type: System.Net.WebSockets.WebSocketException
Message: Unable to connect to the remote server
Stack:    at System.Net.WebSockets.WebSocketHandle.ConnectAsync(Uri uri, HttpMessageInvoker invoker, CancellationToken cancellationToken, ClientWebSocketOptions options)
   at System.Net.WebSockets.ClientWebSocket.ConnectAsyncCore(Uri uri, HttpMessageInvoker invoker, CancellationToken cancellationToken)
   at GustoWaiter.Views.DashboardPage.ReceiveWaiterEventsAsync(CancellationToken ct) in C:\Users\Adithya\Desktop\demo1\pos_1st_cut\gusto_pos\GustoWaiter\Views\DashboardPage.xaml.cs:line 60
Inner: No connection could be made because the target machine actively refused it. (192.168.1.6:8000)
---
[2026-07-14 18:01:25] DashboardPage.ReceiveWaiterEventsAsync
Type: System.Net.WebSockets.WebSocketException
Message: Unable to connect to the remote server
Stack:    at System.Net.WebSockets.WebSocketHandle.ConnectAsync(Uri uri, HttpMessageInvoker invoker, CancellationToken cancellationToken, ClientWebSocketOptions options)
   at System.Net.WebSockets.ClientWebSocket.ConnectAsyncCore(Uri uri, HttpMessageInvoker invoker, CancellationToken cancellationToken)
   at GustoWaiter.Views.DashboardPage.ReceiveWaiterEventsAsync(CancellationToken ct) in C:\Users\Adithya\Desktop\demo1\pos_1st_cut\gusto_pos\GustoWaiter\Views\DashboardPage.xaml.cs:line 60
Inner: No connection could be made because the target machine actively refused it. (192.168.1.6:8000)
---
[2026-07-14 18:01:30] DashboardPage.ReceiveWaiterEventsAsync
Type: System.Net.WebSockets.WebSocketException
Message: Unable to connect to the remote server
Stack:    at System.Net.WebSockets.WebSocketHandle.ConnectAsync(Uri uri, HttpMessageInvoker invoker, CancellationToken cancellationToken, ClientWebSocketOptions options)
   at System.Net.WebSockets.ClientWebSocket.ConnectAsyncCore(Uri uri, HttpMessageInvoker invoker, CancellationToken cancellationToken)
   at GustoWaiter.Views.DashboardPage.ReceiveWaiterEventsAsync(CancellationToken ct) in C:\Users\Adithya\Desktop\demo1\pos_1st_cut\gusto_pos\GustoWaiter\Views\DashboardPage.xaml.cs:line 60
Inner: No connection could be made because the target machine actively refused it. (192.168.1.6:8000)
---
[2026-07-14 18:01:33] DashboardPage.ReceiveWaiterEventsAsync
Type: System.Net.WebSockets.WebSocketException
Message: Unable to connect to the remote server
Stack:    at System.Net.WebSockets.WebSocketHandle.ConnectAsync(Uri uri, HttpMessageInvoker invoker, CancellationToken cancellationToken, ClientWebSocketOptions options)
   at System.Net.WebSockets.ClientWebSocket.ConnectAsyncCore(Uri uri, HttpMessageInvoker invoker, CancellationToken cancellationToken)
   at GustoWaiter.Views.DashboardPage.ReceiveWaiterEventsAsync(CancellationToken ct) in C:\Users\Adithya\Desktop\demo1\pos_1st_cut\gusto_pos\GustoWaiter\Views\DashboardPage.xaml.cs:line 60
Inner: No connection could be made because the target machine actively refused it. (192.168.1.6:8000)
---
[2026-07-14 18:01:37] DashboardPage.ReceiveWaiterEventsAsync
Type: System.Net.WebSockets.WebSocketException
Message: Unable to connect to the remote server
Stack:    at System.Net.WebSockets.WebSocketHandle.ConnectAsync(Uri uri, HttpMessageInvoker invoker, CancellationToken cancellationToken, ClientWebSocketOptions options)
   at System.Net.WebSockets.ClientWebSocket.ConnectAsyncCore(Uri uri, HttpMessageInvoker invoker, CancellationToken cancellationToken)
   at GustoWaiter.Views.DashboardPage.ReceiveWaiterEventsAsync(CancellationToken ct) in C:\Users\Adithya\Desktop\demo1\pos_1st_cut\gusto_pos\GustoWaiter\Views\DashboardPage.xaml.cs:line 60
Inner: No connection could be made because the target machine actively refused it. (192.168.1.6:8000)
---
[2026-07-14 18:01:40] DashboardPage.ReceiveWaiterEventsAsync
Type: System.Net.WebSockets.WebSocketException
Message: Unable to connect to the remote server
Stack:    at System.Net.WebSockets.WebSocketHandle.ConnectAsync(Uri uri, HttpMessageInvoker invoker, CancellationToken cancellationToken, ClientWebSocketOptions options)
   at System.Net.WebSockets.ClientWebSocket.ConnectAsyncCore(Uri uri, HttpMessageInvoker invoker, CancellationToken cancellationToken)
   at GustoWaiter.Views.DashboardPage.ReceiveWaiterEventsAsync(CancellationToken ct) in C:\Users\Adithya\Desktop\demo1\pos_1st_cut\gusto_pos\GustoWaiter\Views\DashboardPage.xaml.cs:line 60
Inner: No connection could be made because the target machine actively refused it. (192.168.1.6:8000)
---
[2026-07-14 18:01:44] DashboardPage.ReceiveWaiterEventsAsync
Type: System.Net.WebSockets.WebSocketException
Message: Unable to connect to the remote server
Stack:    at System.Net.WebSockets.WebSocketHandle.ConnectAsync(Uri uri, HttpMessageInvoker invoker, CancellationToken cancellationToken, ClientWebSocketOptions options)
   at System.Net.WebSockets.ClientWebSocket.ConnectAsyncCore(Uri uri, HttpMessageInvoker invoker, CancellationToken cancellationToken)
   at GustoWaiter.Views.DashboardPage.ReceiveWaiterEventsAsync(CancellationToken ct) in C:\Users\Adithya\Desktop\demo1\pos_1st_cut\gusto_pos\GustoWaiter\Views\DashboardPage.xaml.cs:line 60
Inner: No connection could be made because the target machine actively refused it. (192.168.1.6:8000)
---
[2026-07-14 18:01:48] DashboardPage.ReceiveWaiterEventsAsync
Type: System.Net.WebSockets.WebSocketException
Message: Unable to connect to the remote server
Stack:    at System.Net.WebSockets.WebSocketHandle.ConnectAsync(Uri uri, HttpMessageInvoker invoker, CancellationToken cancellationToken, ClientWebSocketOptions options)
   at System.Net.WebSockets.ClientWebSocket.ConnectAsyncCore(Uri uri, HttpMessageInvoker invoker, CancellationToken cancellationToken)
   at GustoWaiter.Views.DashboardPage.ReceiveWaiterEventsAsync(CancellationToken ct) in C:\Users\Adithya\Desktop\demo1\pos_1st_cut\gusto_pos\GustoWaiter\Views\DashboardPage.xaml.cs:line 60
Inner: No connection could be made because the target machine actively refused it. (192.168.1.6:8000)
---
[2026-07-14 18:01:52] DashboardPage.ReceiveWaiterEventsAsync
Type: System.Net.WebSockets.WebSocketException
Message: Unable to connect to the remote server
Stack:    at System.Net.WebSockets.WebSocketHandle.ConnectAsync(Uri uri, HttpMessageInvoker invoker, CancellationToken cancellationToken, ClientWebSocketOptions options)
   at System.Net.WebSockets.ClientWebSocket.ConnectAsyncCore(Uri uri, HttpMessageInvoker invoker, CancellationToken cancellationToken)
   at GustoWaiter.Views.DashboardPage.ReceiveWaiterEventsAsync(CancellationToken ct) in C:\Users\Adithya\Desktop\demo1\pos_1st_cut\gusto_pos\GustoWaiter\Views\DashboardPage.xaml.cs:line 60
Inner: No connection could be made because the target machine actively refused it. (192.168.1.6:8000)
---
[2026-07-14 18:01:55] DashboardPage.ReceiveWaiterEventsAsync
Type: System.Net.WebSockets.WebSocketException
Message: Unable to connect to the remote server
Stack:    at System.Net.WebSockets.WebSocketHandle.ConnectAsync(Uri uri, HttpMessageInvoker invoker, CancellationToken cancellationToken, ClientWebSocketOptions options)
   at System.Net.WebSockets.ClientWebSocket.ConnectAsyncCore(Uri uri, HttpMessageInvoker invoker, CancellationToken cancellationToken)
   at GustoWaiter.Views.DashboardPage.ReceiveWaiterEventsAsync(CancellationToken ct) in C:\Users\Adithya\Desktop\demo1\pos_1st_cut\gusto_pos\GustoWaiter\Views\DashboardPage.xaml.cs:line 60
Inner: No connection could be made because the target machine actively refused it. (192.168.1.6:8000)
---
[2026-07-14 18:01:59] DashboardPage.ReceiveWaiterEventsAsync
Type: System.Net.WebSockets.WebSocketException
Message: Unable to connect to the remote server
Stack:    at System.Net.WebSockets.WebSocketHandle.ConnectAsync(Uri uri, HttpMessageInvoker invoker, CancellationToken cancellationToken, ClientWebSocketOptions options)
   at System.Net.WebSockets.ClientWebSocket.ConnectAsyncCore(Uri uri, HttpMessageInvoker invoker, CancellationToken cancellationToken)
   at GustoWaiter.Views.DashboardPage.ReceiveWaiterEventsAsync(CancellationToken ct) in C:\Users\Adithya\Desktop\demo1\pos_1st_cut\gusto_pos\GustoWaiter\Views\DashboardPage.xaml.cs:line 60
Inner: No connection could be made because the target machine actively refused it. (192.168.1.6:8000)
---
[2026-07-14 18:02:02] DashboardPage.ReceiveWaiterEventsAsync
Type: System.Net.WebSockets.WebSocketException
Message: Unable to connect to the remote server
Stack:    at System.Net.WebSockets.WebSocketHandle.ConnectAsync(Uri uri, HttpMessageInvoker invoker, CancellationToken cancellationToken, ClientWebSocketOptions options)
   at System.Net.WebSockets.ClientWebSocket.ConnectAsyncCore(Uri uri, HttpMessageInvoker invoker, CancellationToken cancellationToken)
   at GustoWaiter.Views.DashboardPage.ReceiveWaiterEventsAsync(CancellationToken ct) in C:\Users\Adithya\Desktop\demo1\pos_1st_cut\gusto_pos\GustoWaiter\Views\DashboardPage.xaml.cs:line 60
Inner: No connection could be made because the target machine actively refused it. (192.168.1.6:8000)
---
[2026-07-14 18:02:06] DashboardPage.ReceiveWaiterEventsAsync
Type: System.Net.WebSockets.WebSocketException
Message: Unable to connect to the remote server
Stack:    at System.Net.WebSockets.WebSocketHandle.ConnectAsync(Uri uri, HttpMessageInvoker invoker, CancellationToken cancellationToken, ClientWebSocketOptions options)
   at System.Net.WebSockets.ClientWebSocket.ConnectAsyncCore(Uri uri, HttpMessageInvoker invoker, CancellationToken cancellationToken)
   at GustoWaiter.Views.DashboardPage.ReceiveWaiterEventsAsync(CancellationToken ct) in C:\Users\Adithya\Desktop\demo1\pos_1st_cut\gusto_pos\GustoWaiter\Views\DashboardPage.xaml.cs:line 60
Inner: No connection could be made because the target machine actively refused it. (192.168.1.6:8000)
---
[2026-07-14 18:02:09] DashboardPage.ReceiveWaiterEventsAsync
Type: System.Net.WebSockets.WebSocketException
Message: Unable to connect to the remote server
Stack:    at System.Net.WebSockets.WebSocketHandle.ConnectAsync(Uri uri, HttpMessageInvoker invoker, CancellationToken cancellationToken, ClientWebSocketOptions options)
   at System.Net.WebSockets.ClientWebSocket.ConnectAsyncCore(Uri uri, HttpMessageInvoker invoker, CancellationToken cancellationToken)
   at GustoWaiter.Views.DashboardPage.ReceiveWaiterEventsAsync(CancellationToken ct) in C:\Users\Adithya\Desktop\demo1\pos_1st_cut\gusto_pos\GustoWaiter\Views\DashboardPage.xaml.cs:line 60
Inner: No connection could be made because the target machine actively refused it. (192.168.1.6:8000)
---
[2026-07-14 18:02:14] DashboardPage.ReceiveWaiterEventsAsync
Type: System.Net.WebSockets.WebSocketException
Message: Unable to connect to the remote server
Stack:    at System.Net.WebSockets.WebSocketHandle.ConnectAsync(Uri uri, HttpMessageInvoker invoker, CancellationToken cancellationToken, ClientWebSocketOptions options)
   at System.Net.WebSockets.ClientWebSocket.ConnectAsyncCore(Uri uri, HttpMessageInvoker invoker, CancellationToken cancellationToken)
   at GustoWaiter.Views.DashboardPage.ReceiveWaiterEventsAsync(CancellationToken ct) in C:\Users\Adithya\Desktop\demo1\pos_1st_cut\gusto_pos\GustoWaiter\Views\DashboardPage.xaml.cs:line 60
Inner: No connection could be made because the target machine actively refused it. (192.168.1.6:8000)
---
[2026-07-14 18:02:17] DashboardPage.ReceiveWaiterEventsAsync
Type: System.Net.WebSockets.WebSocketException
Message: Unable to connect to the remote server
Stack:    at System.Net.WebSockets.WebSocketHandle.ConnectAsync(Uri uri, HttpMessageInvoker invoker, CancellationToken cancellationToken, ClientWebSocketOptions options)
   at System.Net.WebSockets.ClientWebSocket.ConnectAsyncCore(Uri uri, HttpMessageInvoker invoker, CancellationToken cancellationToken)
   at GustoWaiter.Views.DashboardPage.ReceiveWaiterEventsAsync(CancellationToken ct) in C:\Users\Adithya\Desktop\demo1\pos_1st_cut\gusto_pos\GustoWaiter\Views\DashboardPage.xaml.cs:line 60
Inner: No connection could be made because the target machine actively refused it. (192.168.1.6:8000)
---
[2026-07-14 18:02:21] DashboardPage.ReceiveWaiterEventsAsync
Type: System.Net.WebSockets.WebSocketException
Message: Unable to connect to the remote server
Stack:    at System.Net.WebSockets.WebSocketHandle.ConnectAsync(Uri uri, HttpMessageInvoker invoker, CancellationToken cancellationToken, ClientWebSocketOptions options)
   at System.Net.WebSockets.ClientWebSocket.ConnectAsyncCore(Uri uri, HttpMessageInvoker invoker, CancellationToken cancellationToken)
   at GustoWaiter.Views.DashboardPage.ReceiveWaiterEventsAsync(CancellationToken ct) in C:\Users\Adithya\Desktop\demo1\pos_1st_cut\gusto_pos\GustoWaiter\Views\DashboardPage.xaml.cs:line 60
Inner: No connection could be made because the target machine actively refused it. (192.168.1.6:8000)
---
[2026-07-14 18:02:24] DashboardPage.ReceiveWaiterEventsAsync
Type: System.Net.WebSockets.WebSocketException
Message: Unable to connect to the remote server
Stack:    at System.Net.WebSockets.WebSocketHandle.ConnectAsync(Uri uri, HttpMessageInvoker invoker, CancellationToken cancellationToken, ClientWebSocketOptions options)
   at System.Net.WebSockets.ClientWebSocket.ConnectAsyncCore(Uri uri, HttpMessageInvoker invoker, CancellationToken cancellationToken)
   at GustoWaiter.Views.DashboardPage.ReceiveWaiterEventsAsync(CancellationToken ct) in C:\Users\Adithya\Desktop\demo1\pos_1st_cut\gusto_pos\GustoWaiter\Views\DashboardPage.xaml.cs:line 60
Inner: No connection could be made because the target machine actively refused it. (192.168.1.6:8000)
---
[2026-07-14 18:02:28] DashboardPage.ReceiveWaiterEventsAsync
Type: System.Net.WebSockets.WebSocketException
Message: Unable to connect to the remote server
Stack:    at System.Net.WebSockets.WebSocketHandle.ConnectAsync(Uri uri, HttpMessageInvoker invoker, CancellationToken cancellationToken, ClientWebSocketOptions options)
   at System.Net.WebSockets.ClientWebSocket.ConnectAsyncCore(Uri uri, HttpMessageInvoker invoker, CancellationToken cancellationToken)
   at GustoWaiter.Views.DashboardPage.ReceiveWaiterEventsAsync(CancellationToken ct) in C:\Users\Adithya\Desktop\demo1\pos_1st_cut\gusto_pos\GustoWaiter\Views\DashboardPage.xaml.cs:line 60
Inner: No connection could be made because the target machine actively refused it. (192.168.1.6:8000)
---
[2026-07-14 18:02:31] DashboardPage.ReceiveWaiterEventsAsync
Type: System.Net.WebSockets.WebSocketException
Message: Unable to connect to the remote server
Stack:    at System.Net.WebSockets.WebSocketHandle.ConnectAsync(Uri uri, HttpMessageInvoker invoker, CancellationToken cancellationToken, ClientWebSocketOptions options)
   at System.Net.WebSockets.ClientWebSocket.ConnectAsyncCore(Uri uri, HttpMessageInvoker invoker, CancellationToken cancellationToken)
   at GustoWaiter.Views.DashboardPage.ReceiveWaiterEventsAsync(CancellationToken ct) in C:\Users\Adithya\Desktop\demo1\pos_1st_cut\gusto_pos\GustoWaiter\Views\DashboardPage.xaml.cs:line 60
Inner: No connection could be made because the target machine actively refused it. (192.168.1.6:8000)
---
[2026-07-14 18:02:36] DashboardPage.ReceiveWaiterEventsAsync
Type: System.Net.WebSockets.WebSocketException
Message: Unable to connect to the remote server
Stack:    at System.Net.WebSockets.WebSocketHandle.ConnectAsync(Uri uri, HttpMessageInvoker invoker, CancellationToken cancellationToken, ClientWebSocketOptions options)
   at System.Net.WebSockets.ClientWebSocket.ConnectAsyncCore(Uri uri, HttpMessageInvoker invoker, CancellationToken cancellationToken)
   at GustoWaiter.Views.DashboardPage.ReceiveWaiterEventsAsync(CancellationToken ct) in C:\Users\Adithya\Desktop\demo1\pos_1st_cut\gusto_pos\GustoWaiter\Views\DashboardPage.xaml.cs:line 60
Inner: No connection could be made because the target machine actively refused it. (192.168.1.6:8000)
---
[2026-07-14 18:02:39] DashboardPage.ReceiveWaiterEventsAsync
Type: System.Net.WebSockets.WebSocketException
Message: Unable to connect to the remote server
Stack:    at System.Net.WebSockets.WebSocketHandle.ConnectAsync(Uri uri, HttpMessageInvoker invoker, CancellationToken cancellationToken, ClientWebSocketOptions options)
   at System.Net.WebSockets.ClientWebSocket.ConnectAsyncCore(Uri uri, HttpMessageInvoker invoker, CancellationToken cancellationToken)
   at GustoWaiter.Views.DashboardPage.ReceiveWaiterEventsAsync(CancellationToken ct) in C:\Users\Adithya\Desktop\demo1\pos_1st_cut\gusto_pos\GustoWaiter\Views\DashboardPage.xaml.cs:line 60
Inner: No connection could be made because the target machine actively refused it. (192.168.1.6:8000)
---
[2026-07-14 18:02:43] DashboardPage.ReceiveWaiterEventsAsync
Type: System.Net.WebSockets.WebSocketException
Message: Unable to connect to the remote server
Stack:    at System.Net.WebSockets.WebSocketHandle.ConnectAsync(Uri uri, HttpMessageInvoker invoker, CancellationToken cancellationToken, ClientWebSocketOptions options)
   at System.Net.WebSockets.ClientWebSocket.ConnectAsyncCore(Uri uri, HttpMessageInvoker invoker, CancellationToken cancellationToken)
   at GustoWaiter.Views.DashboardPage.ReceiveWaiterEventsAsync(CancellationToken ct) in C:\Users\Adithya\Desktop\demo1\pos_1st_cut\gusto_pos\GustoWaiter\Views\DashboardPage.xaml.cs:line 60
Inner: No connection could be made because the target machine actively refused it. (192.168.1.6:8000)
---
[2026-07-14 18:02:46] DashboardPage.ReceiveWaiterEventsAsync
Type: System.Net.WebSockets.WebSocketException
Message: Unable to connect to the remote server
Stack:    at System.Net.WebSockets.WebSocketHandle.ConnectAsync(Uri uri, HttpMessageInvoker invoker, CancellationToken cancellationToken, ClientWebSocketOptions options)
   at System.Net.WebSockets.ClientWebSocket.ConnectAsyncCore(Uri uri, HttpMessageInvoker invoker, CancellationToken cancellationToken)
   at GustoWaiter.Views.DashboardPage.ReceiveWaiterEventsAsync(CancellationToken ct) in C:\Users\Adithya\Desktop\demo1\pos_1st_cut\gusto_pos\GustoWaiter\Views\DashboardPage.xaml.cs:line 60
Inner: No connection could be made because the target machine actively refused it. (192.168.1.6:8000)
---
[2026-07-14 18:02:50] DashboardPage.ReceiveWaiterEventsAsync
Type: System.Net.WebSockets.WebSocketException
Message: Unable to connect to the remote server
Stack:    at System.Net.WebSockets.WebSocketHandle.ConnectAsync(Uri uri, HttpMessageInvoker invoker, CancellationToken cancellationToken, ClientWebSocketOptions options)
   at System.Net.WebSockets.ClientWebSocket.ConnectAsyncCore(Uri uri, HttpMessageInvoker invoker, CancellationToken cancellationToken)
   at GustoWaiter.Views.DashboardPage.ReceiveWaiterEventsAsync(CancellationToken ct) in C:\Users\Adithya\Desktop\demo1\pos_1st_cut\gusto_pos\GustoWaiter\Views\DashboardPage.xaml.cs:line 60
Inner: No connection could be made because the target machine actively refused it. (192.168.1.6:8000)
---
[2026-07-14 18:02:53] DashboardPage.ReceiveWaiterEventsAsync
Type: System.Net.WebSockets.WebSocketException
Message: Unable to connect to the remote server
Stack:    at System.Net.WebSockets.WebSocketHandle.ConnectAsync(Uri uri, HttpMessageInvoker invoker, CancellationToken cancellationToken, ClientWebSocketOptions options)
   at System.Net.WebSockets.ClientWebSocket.ConnectAsyncCore(Uri uri, HttpMessageInvoker invoker, CancellationToken cancellationToken)
   at GustoWaiter.Views.DashboardPage.ReceiveWaiterEventsAsync(CancellationToken ct) in C:\Users\Adithya\Desktop\demo1\pos_1st_cut\gusto_pos\GustoWaiter\Views\DashboardPage.xaml.cs:line 60
Inner: No connection could be made because the target machine actively refused it. (192.168.1.6:8000)
---
[2026-07-14 18:02:58] DashboardPage.ReceiveWaiterEventsAsync
Type: System.Net.WebSockets.WebSocketException
Message: Unable to connect to the remote server
Stack:    at System.Net.WebSockets.WebSocketHandle.ConnectAsync(Uri uri, HttpMessageInvoker invoker, CancellationToken cancellationToken, ClientWebSocketOptions options)
   at System.Net.WebSockets.ClientWebSocket.ConnectAsyncCore(Uri uri, HttpMessageInvoker invoker, CancellationToken cancellationToken)
   at GustoWaiter.Views.DashboardPage.ReceiveWaiterEventsAsync(CancellationToken ct) in C:\Users\Adithya\Desktop\demo1\pos_1st_cut\gusto_pos\GustoWaiter\Views\DashboardPage.xaml.cs:line 60
Inner: No connection could be made because the target machine actively refused it. (192.168.1.6:8000)
---
[2026-07-14 18:03:01] DashboardPage.ReceiveWaiterEventsAsync
Type: System.Net.WebSockets.WebSocketException
Message: Unable to connect to the remote server
Stack:    at System.Net.WebSockets.WebSocketHandle.ConnectAsync(Uri uri, HttpMessageInvoker invoker, CancellationToken cancellationToken, ClientWebSocketOptions options)
   at System.Net.WebSockets.ClientWebSocket.ConnectAsyncCore(Uri uri, HttpMessageInvoker invoker, CancellationToken cancellationToken)
   at GustoWaiter.Views.DashboardPage.ReceiveWaiterEventsAsync(CancellationToken ct) in C:\Users\Adithya\Desktop\demo1\pos_1st_cut\gusto_pos\GustoWaiter\Views\DashboardPage.xaml.cs:line 60
Inner: No connection could be made because the target machine actively refused it. (192.168.1.6:8000)
---
[2026-07-14 18:03:05] DashboardPage.ReceiveWaiterEventsAsync
Type: System.Net.WebSockets.WebSocketException
Message: Unable to connect to the remote server
Stack:    at System.Net.WebSockets.WebSocketHandle.ConnectAsync(Uri uri, HttpMessageInvoker invoker, CancellationToken cancellationToken, ClientWebSocketOptions options)
   at System.Net.WebSockets.ClientWebSocket.ConnectAsyncCore(Uri uri, HttpMessageInvoker invoker, CancellationToken cancellationToken)
   at GustoWaiter.Views.DashboardPage.ReceiveWaiterEventsAsync(CancellationToken ct) in C:\Users\Adithya\Desktop\demo1\pos_1st_cut\gusto_pos\GustoWaiter\Views\DashboardPage.xaml.cs:line 60
Inner: No connection could be made because the target machine actively refused it. (192.168.1.6:8000)
---
[2026-07-14 18:03:08] DashboardPage.ReceiveWaiterEventsAsync
Type: System.Net.WebSockets.WebSocketException
Message: Unable to connect to the remote server
Stack:    at System.Net.WebSockets.WebSocketHandle.ConnectAsync(Uri uri, HttpMessageInvoker invoker, CancellationToken cancellationToken, ClientWebSocketOptions options)
   at System.Net.WebSockets.ClientWebSocket.ConnectAsyncCore(Uri uri, HttpMessageInvoker invoker, CancellationToken cancellationToken)
   at GustoWaiter.Views.DashboardPage.ReceiveWaiterEventsAsync(CancellationToken ct) in C:\Users\Adithya\Desktop\demo1\pos_1st_cut\gusto_pos\GustoWaiter\Views\DashboardPage.xaml.cs:line 60
Inner: No connection could be made because the target machine actively refused it. (192.168.1.6:8000)
---
[2026-07-14 18:03:12] DashboardPage.ReceiveWaiterEventsAsync
Type: System.Net.WebSockets.WebSocketException
Message: Unable to connect to the remote server
Stack:    at System.Net.WebSockets.WebSocketHandle.ConnectAsync(Uri uri, HttpMessageInvoker invoker, CancellationToken cancellationToken, ClientWebSocketOptions options)
   at System.Net.WebSockets.ClientWebSocket.ConnectAsyncCore(Uri uri, HttpMessageInvoker invoker, CancellationToken cancellationToken)
   at GustoWaiter.Views.DashboardPage.ReceiveWaiterEventsAsync(CancellationToken ct) in C:\Users\Adithya\Desktop\demo1\pos_1st_cut\gusto_pos\GustoWaiter\Views\DashboardPage.xaml.cs:line 60
Inner: No connection could be made because the target machine actively refused it. (192.168.1.6:8000)
---
[2026-07-14 18:03:15] DashboardPage.ReceiveWaiterEventsAsync
Type: System.Net.WebSockets.WebSocketException
Message: Unable to connect to the remote server
Stack:    at System.Net.WebSockets.WebSocketHandle.ConnectAsync(Uri uri, HttpMessageInvoker invoker, CancellationToken cancellationToken, ClientWebSocketOptions options)
   at System.Net.WebSockets.ClientWebSocket.ConnectAsyncCore(Uri uri, HttpMessageInvoker invoker, CancellationToken cancellationToken)
   at GustoWaiter.Views.DashboardPage.ReceiveWaiterEventsAsync(CancellationToken ct) in C:\Users\Adithya\Desktop\demo1\pos_1st_cut\gusto_pos\GustoWaiter\Views\DashboardPage.xaml.cs:line 60
Inner: No connection could be made because the target machine actively refused it. (192.168.1.6:8000)
---
[2026-07-14 18:03:20] DashboardPage.ReceiveWaiterEventsAsync
Type: System.Net.WebSockets.WebSocketException
Message: Unable to connect to the remote server
Stack:    at System.Net.WebSockets.WebSocketHandle.ConnectAsync(Uri uri, HttpMessageInvoker invoker, CancellationToken cancellationToken, ClientWebSocketOptions options)
   at System.Net.WebSockets.ClientWebSocket.ConnectAsyncCore(Uri uri, HttpMessageInvoker invoker, CancellationToken cancellationToken)
   at GustoWaiter.Views.DashboardPage.ReceiveWaiterEventsAsync(CancellationToken ct) in C:\Users\Adithya\Desktop\demo1\pos_1st_cut\gusto_pos\GustoWaiter\Views\DashboardPage.xaml.cs:line 60
Inner: No connection could be made because the target machine actively refused it. (192.168.1.6:8000)
---
[2026-07-14 18:03:23] DashboardPage.ReceiveWaiterEventsAsync
Type: System.Net.WebSockets.WebSocketException
Message: Unable to connect to the remote server
Stack:    at System.Net.WebSockets.WebSocketHandle.ConnectAsync(Uri uri, HttpMessageInvoker invoker, CancellationToken cancellationToken, ClientWebSocketOptions options)
   at System.Net.WebSockets.ClientWebSocket.ConnectAsyncCore(Uri uri, HttpMessageInvoker invoker, CancellationToken cancellationToken)
   at GustoWaiter.Views.DashboardPage.ReceiveWaiterEventsAsync(CancellationToken ct) in C:\Users\Adithya\Desktop\demo1\pos_1st_cut\gusto_pos\GustoWaiter\Views\DashboardPage.xaml.cs:line 60
Inner: No connection could be made because the target machine actively refused it. (192.168.1.6:8000)
---
[2026-07-14 18:03:27] DashboardPage.ReceiveWaiterEventsAsync
Type: System.Net.WebSockets.WebSocketException
Message: Unable to connect to the remote server
Stack:    at System.Net.WebSockets.WebSocketHandle.ConnectAsync(Uri uri, HttpMessageInvoker invoker, CancellationToken cancellationToken, ClientWebSocketOptions options)
   at System.Net.WebSockets.ClientWebSocket.ConnectAsyncCore(Uri uri, HttpMessageInvoker invoker, CancellationToken cancellationToken)
   at GustoWaiter.Views.DashboardPage.ReceiveWaiterEventsAsync(CancellationToken ct) in C:\Users\Adithya\Desktop\demo1\pos_1st_cut\gusto_pos\GustoWaiter\Views\DashboardPage.xaml.cs:line 60
Inner: No connection could be made because the target machine actively refused it. (192.168.1.6:8000)
---
[2026-07-14 18:03:30] DashboardPage.ReceiveWaiterEventsAsync
Type: System.Net.WebSockets.WebSocketException
Message: Unable to connect to the remote server
Stack:    at System.Net.WebSockets.WebSocketHandle.ConnectAsync(Uri uri, HttpMessageInvoker invoker, CancellationToken cancellationToken, ClientWebSocketOptions options)
   at System.Net.WebSockets.ClientWebSocket.ConnectAsyncCore(Uri uri, HttpMessageInvoker invoker, CancellationToken cancellationToken)
   at GustoWaiter.Views.DashboardPage.ReceiveWaiterEventsAsync(CancellationToken ct) in C:\Users\Adithya\Desktop\demo1\pos_1st_cut\gusto_pos\GustoWaiter\Views\DashboardPage.xaml.cs:line 60
Inner: No connection could be made because the target machine actively refused it. (192.168.1.6:8000)
---
[2026-07-14 18:03:35] DashboardPage.ReceiveWaiterEventsAsync
Type: System.Net.WebSockets.WebSocketException
Message: Unable to connect to the remote server
Stack:    at System.Net.WebSockets.WebSocketHandle.ConnectAsync(Uri uri, HttpMessageInvoker invoker, CancellationToken cancellationToken, ClientWebSocketOptions options)
   at System.Net.WebSockets.ClientWebSocket.ConnectAsyncCore(Uri uri, HttpMessageInvoker invoker, CancellationToken cancellationToken)
   at GustoWaiter.Views.DashboardPage.ReceiveWaiterEventsAsync(CancellationToken ct) in C:\Users\Adithya\Desktop\demo1\pos_1st_cut\gusto_pos\GustoWaiter\Views\DashboardPage.xaml.cs:line 60
Inner: No connection could be made because the target machine actively refused it. (192.168.1.6:8000)
---
[2026-07-14 18:03:38] DashboardPage.ReceiveWaiterEventsAsync
Type: System.Net.WebSockets.WebSocketException
Message: Unable to connect to the remote server
Stack:    at System.Net.WebSockets.WebSocketHandle.ConnectAsync(Uri uri, HttpMessageInvoker invoker, CancellationToken cancellationToken, ClientWebSocketOptions options)
   at System.Net.WebSockets.ClientWebSocket.ConnectAsyncCore(Uri uri, HttpMessageInvoker invoker, CancellationToken cancellationToken)
   at GustoWaiter.Views.DashboardPage.ReceiveWaiterEventsAsync(CancellationToken ct) in C:\Users\Adithya\Desktop\demo1\pos_1st_cut\gusto_pos\GustoWaiter\Views\DashboardPage.xaml.cs:line 60
Inner: No connection could be made because the target machine actively refused it. (192.168.1.6:8000)
---
[2026-07-14 18:03:42] DashboardPage.ReceiveWaiterEventsAsync
Type: System.Net.WebSockets.WebSocketException
Message: Unable to connect to the remote server
Stack:    at System.Net.WebSockets.WebSocketHandle.ConnectAsync(Uri uri, HttpMessageInvoker invoker, CancellationToken cancellationToken, ClientWebSocketOptions options)
   at System.Net.WebSockets.ClientWebSocket.ConnectAsyncCore(Uri uri, HttpMessageInvoker invoker, CancellationToken cancellationToken)
   at GustoWaiter.Views.DashboardPage.ReceiveWaiterEventsAsync(CancellationToken ct) in C:\Users\Adithya\Desktop\demo1\pos_1st_cut\gusto_pos\GustoWaiter\Views\DashboardPage.xaml.cs:line 60
Inner: No connection could be made because the target machine actively refused it. (192.168.1.6:8000)
---
[2026-07-14 18:03:45] DashboardPage.ReceiveWaiterEventsAsync
Type: System.Net.WebSockets.WebSocketException
Message: Unable to connect to the remote server
Stack:    at System.Net.WebSockets.WebSocketHandle.ConnectAsync(Uri uri, HttpMessageInvoker invoker, CancellationToken cancellationToken, ClientWebSocketOptions options)
   at System.Net.WebSockets.ClientWebSocket.ConnectAsyncCore(Uri uri, HttpMessageInvoker invoker, CancellationToken cancellationToken)
   at GustoWaiter.Views.DashboardPage.ReceiveWaiterEventsAsync(CancellationToken ct) in C:\Users\Adithya\Desktop\demo1\pos_1st_cut\gusto_pos\GustoWaiter\Views\DashboardPage.xaml.cs:line 60
Inner: No connection could be made because the target machine actively refused it. (192.168.1.6:8000)
---
[2026-07-14 18:03:49] DashboardPage.ReceiveWaiterEventsAsync
Type: System.Net.WebSockets.WebSocketException
Message: Unable to connect to the remote server
Stack:    at System.Net.WebSockets.WebSocketHandle.ConnectAsync(Uri uri, HttpMessageInvoker invoker, CancellationToken cancellationToken, ClientWebSocketOptions options)
   at System.Net.WebSockets.ClientWebSocket.ConnectAsyncCore(Uri uri, HttpMessageInvoker invoker, CancellationToken cancellationToken)
   at GustoWaiter.Views.DashboardPage.ReceiveWaiterEventsAsync(CancellationToken ct) in C:\Users\Adithya\Desktop\demo1\pos_1st_cut\gusto_pos\GustoWaiter\Views\DashboardPage.xaml.cs:line 60
Inner: No connection could be made because the target machine actively refused it. (192.168.1.6:8000)
---
[2026-07-14 18:03:52] DashboardPage.ReceiveWaiterEventsAsync
Type: System.Net.WebSockets.WebSocketException
Message: Unable to connect to the remote server
Stack:    at System.Net.WebSockets.WebSocketHandle.ConnectAsync(Uri uri, HttpMessageInvoker invoker, CancellationToken cancellationToken, ClientWebSocketOptions options)
   at System.Net.WebSockets.ClientWebSocket.ConnectAsyncCore(Uri uri, HttpMessageInvoker invoker, CancellationToken cancellationToken)
   at GustoWaiter.Views.DashboardPage.ReceiveWaiterEventsAsync(CancellationToken ct) in C:\Users\Adithya\Desktop\demo1\pos_1st_cut\gusto_pos\GustoWaiter\Views\DashboardPage.xaml.cs:line 60
Inner: No connection could be made because the target machine actively refused it. (192.168.1.6:8000)
---
[2026-07-14 18:03:57] DashboardPage.ReceiveWaiterEventsAsync
Type: System.Net.WebSockets.WebSocketException
Message: Unable to connect to the remote server
Stack:    at System.Net.WebSockets.WebSocketHandle.ConnectAsync(Uri uri, HttpMessageInvoker invoker, CancellationToken cancellationToken, ClientWebSocketOptions options)
   at System.Net.WebSockets.ClientWebSocket.ConnectAsyncCore(Uri uri, HttpMessageInvoker invoker, CancellationToken cancellationToken)
   at GustoWaiter.Views.DashboardPage.ReceiveWaiterEventsAsync(CancellationToken ct) in C:\Users\Adithya\Desktop\demo1\pos_1st_cut\gusto_pos\GustoWaiter\Views\DashboardPage.xaml.cs:line 60
Inner: No connection could be made because the target machine actively refused it. (192.168.1.6:8000)
---
[2026-07-14 18:04:00] DashboardPage.ReceiveWaiterEventsAsync
Type: System.Net.WebSockets.WebSocketException
Message: Unable to connect to the remote server
Stack:    at System.Net.WebSockets.WebSocketHandle.ConnectAsync(Uri uri, HttpMessageInvoker invoker, CancellationToken cancellationToken, ClientWebSocketOptions options)
   at System.Net.WebSockets.ClientWebSocket.ConnectAsyncCore(Uri uri, HttpMessageInvoker invoker, CancellationToken cancellationToken)
   at GustoWaiter.Views.DashboardPage.ReceiveWaiterEventsAsync(CancellationToken ct) in C:\Users\Adithya\Desktop\demo1\pos_1st_cut\gusto_pos\GustoWaiter\Views\DashboardPage.xaml.cs:line 60
Inner: No connection could be made because the target machine actively refused it. (192.168.1.6:8000)
---
[2026-07-14 18:04:04] DashboardPage.ReceiveWaiterEventsAsync
Type: System.Net.WebSockets.WebSocketException
Message: Unable to connect to the remote server
Stack:    at System.Net.WebSockets.WebSocketHandle.ConnectAsync(Uri uri, HttpMessageInvoker invoker, CancellationToken cancellationToken, ClientWebSocketOptions options)
   at System.Net.WebSockets.ClientWebSocket.ConnectAsyncCore(Uri uri, HttpMessageInvoker invoker, CancellationToken cancellationToken)
   at GustoWaiter.Views.DashboardPage.ReceiveWaiterEventsAsync(CancellationToken ct) in C:\Users\Adithya\Desktop\demo1\pos_1st_cut\gusto_pos\GustoWaiter\Views\DashboardPage.xaml.cs:line 60
Inner: No connection could be made because the target machine actively refused it. (192.168.1.6:8000)
---
[2026-07-14 18:04:07] DashboardPage.ReceiveWaiterEventsAsync
Type: System.Net.WebSockets.WebSocketException
Message: Unable to connect to the remote server
Stack:    at System.Net.WebSockets.WebSocketHandle.ConnectAsync(Uri uri, HttpMessageInvoker invoker, CancellationToken cancellationToken, ClientWebSocketOptions options)
   at System.Net.WebSockets.ClientWebSocket.ConnectAsyncCore(Uri uri, HttpMessageInvoker invoker, CancellationToken cancellationToken)
   at GustoWaiter.Views.DashboardPage.ReceiveWaiterEventsAsync(CancellationToken ct) in C:\Users\Adithya\Desktop\demo1\pos_1st_cut\gusto_pos\GustoWaiter\Views\DashboardPage.xaml.cs:line 60
Inner: No connection could be made because the target machine actively refused it. (192.168.1.6:8000)
---
[2026-07-14 18:04:11] DashboardPage.ReceiveWaiterEventsAsync
Type: System.Net.WebSockets.WebSocketException
Message: Unable to connect to the remote server
Stack:    at System.Net.WebSockets.WebSocketHandle.ConnectAsync(Uri uri, HttpMessageInvoker invoker, CancellationToken cancellationToken, ClientWebSocketOptions options)
   at System.Net.WebSockets.ClientWebSocket.ConnectAsyncCore(Uri uri, HttpMessageInvoker invoker, CancellationToken cancellationToken)
   at GustoWaiter.Views.DashboardPage.ReceiveWaiterEventsAsync(CancellationToken ct) in C:\Users\Adithya\Desktop\demo1\pos_1st_cut\gusto_pos\GustoWaiter\Views\DashboardPage.xaml.cs:line 60
Inner: No connection could be made because the target machine actively refused it. (192.168.1.6:8000)
---
[2026-07-14 18:04:14] DashboardPage.ReceiveWaiterEventsAsync
Type: System.Net.WebSockets.WebSocketException
Message: Unable to connect to the remote server
Stack:    at System.Net.WebSockets.WebSocketHandle.ConnectAsync(Uri uri, HttpMessageInvoker invoker, CancellationToken cancellationToken, ClientWebSocketOptions options)
   at System.Net.WebSockets.ClientWebSocket.ConnectAsyncCore(Uri uri, HttpMessageInvoker invoker, CancellationToken cancellationToken)
   at GustoWaiter.Views.DashboardPage.ReceiveWaiterEventsAsync(CancellationToken ct) in C:\Users\Adithya\Desktop\demo1\pos_1st_cut\gusto_pos\GustoWaiter\Views\DashboardPage.xaml.cs:line 60
Inner: No connection could be made because the target machine actively refused it. (192.168.1.6:8000)
---
[2026-07-14 18:04:19] DashboardPage.ReceiveWaiterEventsAsync
Type: System.Net.WebSockets.WebSocketException
Message: Unable to connect to the remote server
Stack:    at System.Net.WebSockets.WebSocketHandle.ConnectAsync(Uri uri, HttpMessageInvoker invoker, CancellationToken cancellationToken, ClientWebSocketOptions options)
   at System.Net.WebSockets.ClientWebSocket.ConnectAsyncCore(Uri uri, HttpMessageInvoker invoker, CancellationToken cancellationToken)
   at GustoWaiter.Views.DashboardPage.ReceiveWaiterEventsAsync(CancellationToken ct) in C:\Users\Adithya\Desktop\demo1\pos_1st_cut\gusto_pos\GustoWaiter\Views\DashboardPage.xaml.cs:line 60
Inner: No connection could be made because the target machine actively refused it. (192.168.1.6:8000)
---
[2026-07-14 18:04:22] DashboardPage.ReceiveWaiterEventsAsync
Type: System.Net.WebSockets.WebSocketException
Message: Unable to connect to the remote server
Stack:    at System.Net.WebSockets.WebSocketHandle.ConnectAsync(Uri uri, HttpMessageInvoker invoker, CancellationToken cancellationToken, ClientWebSocketOptions options)
   at System.Net.WebSockets.ClientWebSocket.ConnectAsyncCore(Uri uri, HttpMessageInvoker invoker, CancellationToken cancellationToken)
   at GustoWaiter.Views.DashboardPage.ReceiveWaiterEventsAsync(CancellationToken ct) in C:\Users\Adithya\Desktop\demo1\pos_1st_cut\gusto_pos\GustoWaiter\Views\DashboardPage.xaml.cs:line 60
Inner: No connection could be made because the target machine actively refused it. (192.168.1.6:8000)
---
[2026-07-14 18:04:26] DashboardPage.ReceiveWaiterEventsAsync
Type: System.Net.WebSockets.WebSocketException
Message: Unable to connect to the remote server
Stack:    at System.Net.WebSockets.WebSocketHandle.ConnectAsync(Uri uri, HttpMessageInvoker invoker, CancellationToken cancellationToken, ClientWebSocketOptions options)
   at System.Net.WebSockets.ClientWebSocket.ConnectAsyncCore(Uri uri, HttpMessageInvoker invoker, CancellationToken cancellationToken)
   at GustoWaiter.Views.DashboardPage.ReceiveWaiterEventsAsync(CancellationToken ct) in C:\Users\Adithya\Desktop\demo1\pos_1st_cut\gusto_pos\GustoWaiter\Views\DashboardPage.xaml.cs:line 60
Inner: No connection could be made because the target machine actively refused it. (192.168.1.6:8000)
---
[2026-07-14 18:04:29] DashboardPage.ReceiveWaiterEventsAsync
Type: System.Net.WebSockets.WebSocketException
Message: Unable to connect to the remote server
Stack:    at System.Net.WebSockets.WebSocketHandle.ConnectAsync(Uri uri, HttpMessageInvoker invoker, CancellationToken cancellationToken, ClientWebSocketOptions options)
   at System.Net.WebSockets.ClientWebSocket.ConnectAsyncCore(Uri uri, HttpMessageInvoker invoker, CancellationToken cancellationToken)
   at GustoWaiter.Views.DashboardPage.ReceiveWaiterEventsAsync(CancellationToken ct) in C:\Users\Adithya\Desktop\demo1\pos_1st_cut\gusto_pos\GustoWaiter\Views\DashboardPage.xaml.cs:line 60
Inner: No connection could be made because the target machine actively refused it. (192.168.1.6:8000)
---
[2026-07-14 18:04:33] DashboardPage.ReceiveWaiterEventsAsync
Type: System.Net.WebSockets.WebSocketException
Message: Unable to connect to the remote server
Stack:    at System.Net.WebSockets.WebSocketHandle.ConnectAsync(Uri uri, HttpMessageInvoker invoker, CancellationToken cancellationToken, ClientWebSocketOptions options)
   at System.Net.WebSockets.ClientWebSocket.ConnectAsyncCore(Uri uri, HttpMessageInvoker invoker, CancellationToken cancellationToken)
   at GustoWaiter.Views.DashboardPage.ReceiveWaiterEventsAsync(CancellationToken ct) in C:\Users\Adithya\Desktop\demo1\pos_1st_cut\gusto_pos\GustoWaiter\Views\DashboardPage.xaml.cs:line 60
Inner: No connection could be made because the target machine actively refused it. (192.168.1.6:8000)
---
[2026-07-14 18:04:36] DashboardPage.ReceiveWaiterEventsAsync
Type: System.Net.WebSockets.WebSocketException
Message: Unable to connect to the remote server
Stack:    at System.Net.WebSockets.WebSocketHandle.ConnectAsync(Uri uri, HttpMessageInvoker invoker, CancellationToken cancellationToken, ClientWebSocketOptions options)
   at System.Net.WebSockets.ClientWebSocket.ConnectAsyncCore(Uri uri, HttpMessageInvoker invoker, CancellationToken cancellationToken)
   at GustoWaiter.Views.DashboardPage.ReceiveWaiterEventsAsync(CancellationToken ct) in C:\Users\Adithya\Desktop\demo1\pos_1st_cut\gusto_pos\GustoWaiter\Views\DashboardPage.xaml.cs:line 60
Inner: No connection could be made because the target machine actively refused it. (192.168.1.6:8000)
---
[2026-07-14 18:04:41] DashboardPage.ReceiveWaiterEventsAsync
Type: System.Net.WebSockets.WebSocketException
Message: Unable to connect to the remote server
Stack:    at System.Net.WebSockets.WebSocketHandle.ConnectAsync(Uri uri, HttpMessageInvoker invoker, CancellationToken cancellationToken, ClientWebSocketOptions options)
   at System.Net.WebSockets.ClientWebSocket.ConnectAsyncCore(Uri uri, HttpMessageInvoker invoker, CancellationToken cancellationToken)
   at GustoWaiter.Views.DashboardPage.ReceiveWaiterEventsAsync(CancellationToken ct) in C:\Users\Adithya\Desktop\demo1\pos_1st_cut\gusto_pos\GustoWaiter\Views\DashboardPage.xaml.cs:line 60
Inner: No connection could be made because the target machine actively refused it. (192.168.1.6:8000)
---
[2026-07-14 18:04:44] DashboardPage.ReceiveWaiterEventsAsync
Type: System.Net.WebSockets.WebSocketException
Message: Unable to connect to the remote server
Stack:    at System.Net.WebSockets.WebSocketHandle.ConnectAsync(Uri uri, HttpMessageInvoker invoker, CancellationToken cancellationToken, ClientWebSocketOptions options)
   at System.Net.WebSockets.ClientWebSocket.ConnectAsyncCore(Uri uri, HttpMessageInvoker invoker, CancellationToken cancellationToken)
   at GustoWaiter.Views.DashboardPage.ReceiveWaiterEventsAsync(CancellationToken ct) in C:\Users\Adithya\Desktop\demo1\pos_1st_cut\gusto_pos\GustoWaiter\Views\DashboardPage.xaml.cs:line 60
Inner: No connection could be made because the target machine actively refused it. (192.168.1.6:8000)
---
[2026-07-14 18:04:48] DashboardPage.ReceiveWaiterEventsAsync
Type: System.Net.WebSockets.WebSocketException
Message: Unable to connect to the remote server
Stack:    at System.Net.WebSockets.WebSocketHandle.ConnectAsync(Uri uri, HttpMessageInvoker invoker, CancellationToken cancellationToken, ClientWebSocketOptions options)
   at System.Net.WebSockets.ClientWebSocket.ConnectAsyncCore(Uri uri, HttpMessageInvoker invoker, CancellationToken cancellationToken)
   at GustoWaiter.Views.DashboardPage.ReceiveWaiterEventsAsync(CancellationToken ct) in C:\Users\Adithya\Desktop\demo1\pos_1st_cut\gusto_pos\GustoWaiter\Views\DashboardPage.xaml.cs:line 60
Inner: No connection could be made because the target machine actively refused it. (192.168.1.6:8000)
---
[2026-07-14 18:04:51] DashboardPage.ReceiveWaiterEventsAsync
Type: System.Net.WebSockets.WebSocketException
Message: Unable to connect to the remote server
Stack:    at System.Net.WebSockets.WebSocketHandle.ConnectAsync(Uri uri, HttpMessageInvoker invoker, CancellationToken cancellationToken, ClientWebSocketOptions options)
   at System.Net.WebSockets.ClientWebSocket.ConnectAsyncCore(Uri uri, HttpMessageInvoker invoker, CancellationToken cancellationToken)
   at GustoWaiter.Views.DashboardPage.ReceiveWaiterEventsAsync(CancellationToken ct) in C:\Users\Adithya\Desktop\demo1\pos_1st_cut\gusto_pos\GustoWaiter\Views\DashboardPage.xaml.cs:line 60
Inner: No connection could be made because the target machine actively refused it. (192.168.1.6:8000)
---
[2026-07-14 18:04:55] DashboardPage.ReceiveWaiterEventsAsync
Type: System.Net.WebSockets.WebSocketException
Message: Unable to connect to the remote server
Stack:    at System.Net.WebSockets.WebSocketHandle.ConnectAsync(Uri uri, HttpMessageInvoker invoker, CancellationToken cancellationToken, ClientWebSocketOptions options)
   at System.Net.WebSockets.ClientWebSocket.ConnectAsyncCore(Uri uri, HttpMessageInvoker invoker, CancellationToken cancellationToken)
   at GustoWaiter.Views.DashboardPage.ReceiveWaiterEventsAsync(CancellationToken ct) in C:\Users\Adithya\Desktop\demo1\pos_1st_cut\gusto_pos\GustoWaiter\Views\DashboardPage.xaml.cs:line 60
Inner: No connection could be made because the target machine actively refused it. (192.168.1.6:8000)
---
[2026-07-14 18:05:48] DashboardPage.ReceiveWaiterEventsAsync
Type: System.Net.WebSockets.WebSocketException
Message: Unable to connect to the remote server
Stack:    at System.Net.WebSockets.WebSocketHandle.ConnectAsync(Uri uri, HttpMessageInvoker invoker, CancellationToken cancellationToken, ClientWebSocketOptions options)
   at System.Net.WebSockets.ClientWebSocket.ConnectAsyncCore(Uri uri, HttpMessageInvoker invoker, CancellationToken cancellationToken)
   at GustoWaiter.Views.DashboardPage.ReceiveWaiterEventsAsync(CancellationToken ct) in C:\Users\Adithya\Desktop\demo1\pos_1st_cut\gusto_pos\GustoWaiter\Views\DashboardPage.xaml.cs:line 60
Inner: No connection could be made because the target machine actively refused it. (192.168.1.6:8000)
---
[2026-07-14 18:05:53] DashboardPage.ReceiveWaiterEventsAsync
Type: System.Net.WebSockets.WebSocketException
Message: Unable to connect to the remote server
Stack:    at System.Net.WebSockets.WebSocketHandle.ConnectAsync(Uri uri, HttpMessageInvoker invoker, CancellationToken cancellationToken, ClientWebSocketOptions options)
   at System.Net.WebSockets.ClientWebSocket.ConnectAsyncCore(Uri uri, HttpMessageInvoker invoker, CancellationToken cancellationToken)
   at GustoWaiter.Views.DashboardPage.ReceiveWaiterEventsAsync(CancellationToken ct) in C:\Users\Adithya\Desktop\demo1\pos_1st_cut\gusto_pos\GustoWaiter\Views\DashboardPage.xaml.cs:line 60
Inner: No connection could be made because the target machine actively refused it. (192.168.1.6:8000)
---
[2026-07-14 18:05:55] DashboardPage.ReceiveWaiterEventsAsync
Type: System.Net.WebSockets.WebSocketException
Message: Unable to connect to the remote server
Stack:    at System.Net.WebSockets.WebSocketHandle.ConnectAsync(Uri uri, HttpMessageInvoker invoker, CancellationToken cancellationToken, ClientWebSocketOptions options)
   at System.Net.WebSockets.ClientWebSocket.ConnectAsyncCore(Uri uri, HttpMessageInvoker invoker, CancellationToken cancellationToken)
   at GustoWaiter.Views.DashboardPage.ReceiveWaiterEventsAsync(CancellationToken ct) in C:\Users\Adithya\Desktop\demo1\pos_1st_cut\gusto_pos\GustoWaiter\Views\DashboardPage.xaml.cs:line 60
Inner: No connection could be made because the target machine actively refused it. (192.168.1.6:8000)
---
[2026-07-14 18:06:01] DashboardPage.ReceiveWaiterEventsAsync
Type: System.Net.WebSockets.WebSocketException
Message: Unable to connect to the remote server
Stack:    at System.Net.WebSockets.WebSocketHandle.ConnectAsync(Uri uri, HttpMessageInvoker invoker, CancellationToken cancellationToken, ClientWebSocketOptions options)
   at System.Net.WebSockets.ClientWebSocket.ConnectAsyncCore(Uri uri, HttpMessageInvoker invoker, CancellationToken cancellationToken)
   at GustoWaiter.Views.DashboardPage.ReceiveWaiterEventsAsync(CancellationToken ct) in C:\Users\Adithya\Desktop\demo1\pos_1st_cut\gusto_pos\GustoWaiter\Views\DashboardPage.xaml.cs:line 60
Inner: No connection could be made because the target machine actively refused it. (192.168.1.6:8000)
---
[2026-07-14 18:06:03] DashboardPage.ReceiveWaiterEventsAsync
Type: System.Net.WebSockets.WebSocketException
Message: Unable to connect to the remote server
Stack:    at System.Net.WebSockets.WebSocketHandle.ConnectAsync(Uri uri, HttpMessageInvoker invoker, CancellationToken cancellationToken, ClientWebSocketOptions options)
   at System.Net.WebSockets.ClientWebSocket.ConnectAsyncCore(Uri uri, HttpMessageInvoker invoker, CancellationToken cancellationToken)
   at GustoWaiter.Views.DashboardPage.ReceiveWaiterEventsAsync(CancellationToken ct) in C:\Users\Adithya\Desktop\demo1\pos_1st_cut\gusto_pos\GustoWaiter\Views\DashboardPage.xaml.cs:line 60
Inner: No connection could be made because the target machine actively refused it. (192.168.1.6:8000)
---
[2026-07-14 18:06:08] DashboardPage.ReceiveWaiterEventsAsync
Type: System.Net.WebSockets.WebSocketException
Message: Unable to connect to the remote server
Stack:    at System.Net.WebSockets.WebSocketHandle.ConnectAsync(Uri uri, HttpMessageInvoker invoker, CancellationToken cancellationToken, ClientWebSocketOptions options)
   at System.Net.WebSockets.ClientWebSocket.ConnectAsyncCore(Uri uri, HttpMessageInvoker invoker, CancellationToken cancellationToken)
   at GustoWaiter.Views.DashboardPage.ReceiveWaiterEventsAsync(CancellationToken ct) in C:\Users\Adithya\Desktop\demo1\pos_1st_cut\gusto_pos\GustoWaiter\Views\DashboardPage.xaml.cs:line 60
Inner: No connection could be made because the target machine actively refused it. (192.168.1.6:8000)
---
[2026-07-14 18:06:10] DashboardPage.ReceiveWaiterEventsAsync
Type: System.Net.WebSockets.WebSocketException
Message: Unable to connect to the remote server
Stack:    at System.Net.WebSockets.WebSocketHandle.ConnectAsync(Uri uri, HttpMessageInvoker invoker, CancellationToken cancellationToken, ClientWebSocketOptions options)
   at System.Net.WebSockets.ClientWebSocket.ConnectAsyncCore(Uri uri, HttpMessageInvoker invoker, CancellationToken cancellationToken)
   at GustoWaiter.Views.DashboardPage.ReceiveWaiterEventsAsync(CancellationToken ct) in C:\Users\Adithya\Desktop\demo1\pos_1st_cut\gusto_pos\GustoWaiter\Views\DashboardPage.xaml.cs:line 60
Inner: No connection could be made because the target machine actively refused it. (192.168.1.6:8000)
---
[2026-07-14 18:06:15] DashboardPage.ReceiveWaiterEventsAsync
Type: System.Net.WebSockets.WebSocketException
Message: Unable to connect to the remote server
Stack:    at System.Net.WebSockets.WebSocketHandle.ConnectAsync(Uri uri, HttpMessageInvoker invoker, CancellationToken cancellationToken, ClientWebSocketOptions options)
   at System.Net.WebSockets.ClientWebSocket.ConnectAsyncCore(Uri uri, HttpMessageInvoker invoker, CancellationToken cancellationToken)
   at GustoWaiter.Views.DashboardPage.ReceiveWaiterEventsAsync(CancellationToken ct) in C:\Users\Adithya\Desktop\demo1\pos_1st_cut\gusto_pos\GustoWaiter\Views\DashboardPage.xaml.cs:line 60
Inner: No connection could be made because the target machine actively refused it. (192.168.1.6:8000)
---
[2026-07-14 18:06:17] DashboardPage.ReceiveWaiterEventsAsync
Type: System.Net.WebSockets.WebSocketException
Message: Unable to connect to the remote server
Stack:    at System.Net.WebSockets.WebSocketHandle.ConnectAsync(Uri uri, HttpMessageInvoker invoker, CancellationToken cancellationToken, ClientWebSocketOptions options)
   at System.Net.WebSockets.ClientWebSocket.ConnectAsyncCore(Uri uri, HttpMessageInvoker invoker, CancellationToken cancellationToken)
   at GustoWaiter.Views.DashboardPage.ReceiveWaiterEventsAsync(CancellationToken ct) in C:\Users\Adithya\Desktop\demo1\pos_1st_cut\gusto_pos\GustoWaiter\Views\DashboardPage.xaml.cs:line 60
Inner: No connection could be made because the target machine actively refused it. (192.168.1.6:8000)
---
[2026-07-14 18:06:23] DashboardPage.ReceiveWaiterEventsAsync
Type: System.Net.WebSockets.WebSocketException
Message: Unable to connect to the remote server
Stack:    at System.Net.WebSockets.WebSocketHandle.ConnectAsync(Uri uri, HttpMessageInvoker invoker, CancellationToken cancellationToken, ClientWebSocketOptions options)
   at System.Net.WebSockets.ClientWebSocket.ConnectAsyncCore(Uri uri, HttpMessageInvoker invoker, CancellationToken cancellationToken)
   at GustoWaiter.Views.DashboardPage.ReceiveWaiterEventsAsync(CancellationToken ct) in C:\Users\Adithya\Desktop\demo1\pos_1st_cut\gusto_pos\GustoWaiter\Views\DashboardPage.xaml.cs:line 60
Inner: No connection could be made because the target machine actively refused it. (192.168.1.6:8000)
---
[2026-07-14 18:06:25] DashboardPage.ReceiveWaiterEventsAsync
Type: System.Net.WebSockets.WebSocketException
Message: Unable to connect to the remote server
Stack:    at System.Net.WebSockets.WebSocketHandle.ConnectAsync(Uri uri, HttpMessageInvoker invoker, CancellationToken cancellationToken, ClientWebSocketOptions options)
   at System.Net.WebSockets.ClientWebSocket.ConnectAsyncCore(Uri uri, HttpMessageInvoker invoker, CancellationToken cancellationToken)
   at GustoWaiter.Views.DashboardPage.ReceiveWaiterEventsAsync(CancellationToken ct) in C:\Users\Adithya\Desktop\demo1\pos_1st_cut\gusto_pos\GustoWaiter\Views\DashboardPage.xaml.cs:line 60
Inner: No connection could be made because the target machine actively refused it. (192.168.1.6:8000)
---
[2026-07-14 18:06:30] DashboardPage.ReceiveWaiterEventsAsync
Type: System.Net.WebSockets.WebSocketException
Message: Unable to connect to the remote server
Stack:    at System.Net.WebSockets.WebSocketHandle.ConnectAsync(Uri uri, HttpMessageInvoker invoker, CancellationToken cancellationToken, ClientWebSocketOptions options)
   at System.Net.WebSockets.ClientWebSocket.ConnectAsyncCore(Uri uri, HttpMessageInvoker invoker, CancellationToken cancellationToken)
   at GustoWaiter.Views.DashboardPage.ReceiveWaiterEventsAsync(CancellationToken ct) in C:\Users\Adithya\Desktop\demo1\pos_1st_cut\gusto_pos\GustoWaiter\Views\DashboardPage.xaml.cs:line 60
Inner: No connection could be made because the target machine actively refused it. (192.168.1.6:8000)
---
[2026-07-14 18:06:32] DashboardPage.ReceiveWaiterEventsAsync
Type: System.Net.WebSockets.WebSocketException
Message: Unable to connect to the remote server
Stack:    at System.Net.WebSockets.WebSocketHandle.ConnectAsync(Uri uri, HttpMessageInvoker invoker, CancellationToken cancellationToken, ClientWebSocketOptions options)
   at System.Net.WebSockets.ClientWebSocket.ConnectAsyncCore(Uri uri, HttpMessageInvoker invoker, CancellationToken cancellationToken)
   at GustoWaiter.Views.DashboardPage.ReceiveWaiterEventsAsync(CancellationToken ct) in C:\Users\Adithya\Desktop\demo1\pos_1st_cut\gusto_pos\GustoWaiter\Views\DashboardPage.xaml.cs:line 60
Inner: No connection could be made because the target machine actively refused it. (192.168.1.6:8000)
---
[2026-07-14 18:06:37] DashboardPage.ReceiveWaiterEventsAsync
Type: System.Net.WebSockets.WebSocketException
Message: Unable to connect to the remote server
Stack:    at System.Net.WebSockets.WebSocketHandle.ConnectAsync(Uri uri, HttpMessageInvoker invoker, CancellationToken cancellationToken, ClientWebSocketOptions options)
   at System.Net.WebSockets.ClientWebSocket.ConnectAsyncCore(Uri uri, HttpMessageInvoker invoker, CancellationToken cancellationToken)
   at GustoWaiter.Views.DashboardPage.ReceiveWaiterEventsAsync(CancellationToken ct) in C:\Users\Adithya\Desktop\demo1\pos_1st_cut\gusto_pos\GustoWaiter\Views\DashboardPage.xaml.cs:line 60
Inner: No connection could be made because the target machine actively refused it. (192.168.1.6:8000)
---
[2026-07-14 18:06:39] DashboardPage.ReceiveWaiterEventsAsync
Type: System.Net.WebSockets.WebSocketException
Message: Unable to connect to the remote server
Stack:    at System.Net.WebSockets.WebSocketHandle.ConnectAsync(Uri uri, HttpMessageInvoker invoker, CancellationToken cancellationToken, ClientWebSocketOptions options)
   at System.Net.WebSockets.ClientWebSocket.ConnectAsyncCore(Uri uri, HttpMessageInvoker invoker, CancellationToken cancellationToken)
   at GustoWaiter.Views.DashboardPage.ReceiveWaiterEventsAsync(CancellationToken ct) in C:\Users\Adithya\Desktop\demo1\pos_1st_cut\gusto_pos\GustoWaiter\Views\DashboardPage.xaml.cs:line 60
Inner: No connection could be made because the target machine actively refused it. (192.168.1.6:8000)
---
[2026-07-14 18:06:45] DashboardPage.ReceiveWaiterEventsAsync
Type: System.Net.WebSockets.WebSocketException
Message: Unable to connect to the remote server
Stack:    at System.Net.WebSockets.WebSocketHandle.ConnectAsync(Uri uri, HttpMessageInvoker invoker, CancellationToken cancellationToken, ClientWebSocketOptions options)
   at System.Net.WebSockets.ClientWebSocket.ConnectAsyncCore(Uri uri, HttpMessageInvoker invoker, CancellationToken cancellationToken)
   at GustoWaiter.Views.DashboardPage.ReceiveWaiterEventsAsync(CancellationToken ct) in C:\Users\Adithya\Desktop\demo1\pos_1st_cut\gusto_pos\GustoWaiter\Views\DashboardPage.xaml.cs:line 60
Inner: No connection could be made because the target machine actively refused it. (192.168.1.6:8000)
---
[2026-07-14 18:06:46] DashboardPage.ReceiveWaiterEventsAsync
Type: System.Net.WebSockets.WebSocketException
Message: Unable to connect to the remote server
Stack:    at System.Net.WebSockets.WebSocketHandle.ConnectAsync(Uri uri, HttpMessageInvoker invoker, CancellationToken cancellationToken, ClientWebSocketOptions options)
   at System.Net.WebSockets.ClientWebSocket.ConnectAsyncCore(Uri uri, HttpMessageInvoker invoker, CancellationToken cancellationToken)
   at GustoWaiter.Views.DashboardPage.ReceiveWaiterEventsAsync(CancellationToken ct) in C:\Users\Adithya\Desktop\demo1\pos_1st_cut\gusto_pos\GustoWaiter\Views\DashboardPage.xaml.cs:line 60
Inner: No connection could be made because the target machine actively refused it. (192.168.1.6:8000)
---
[2026-07-14 18:06:52] DashboardPage.ReceiveWaiterEventsAsync
Type: System.Net.WebSockets.WebSocketException
Message: Unable to connect to the remote server
Stack:    at System.Net.WebSockets.WebSocketHandle.ConnectAsync(Uri uri, HttpMessageInvoker invoker, CancellationToken cancellationToken, ClientWebSocketOptions options)
   at System.Net.WebSockets.ClientWebSocket.ConnectAsyncCore(Uri uri, HttpMessageInvoker invoker, CancellationToken cancellationToken)
   at GustoWaiter.Views.DashboardPage.ReceiveWaiterEventsAsync(CancellationToken ct) in C:\Users\Adithya\Desktop\demo1\pos_1st_cut\gusto_pos\GustoWaiter\Views\DashboardPage.xaml.cs:line 60
Inner: No connection could be made because the target machine actively refused it. (192.168.1.6:8000)
---
[2026-07-14 18:06:54] DashboardPage.ReceiveWaiterEventsAsync
Type: System.Net.WebSockets.WebSocketException
Message: Unable to connect to the remote server
Stack:    at System.Net.WebSockets.WebSocketHandle.ConnectAsync(Uri uri, HttpMessageInvoker invoker, CancellationToken cancellationToken, ClientWebSocketOptions options)
   at System.Net.WebSockets.ClientWebSocket.ConnectAsyncCore(Uri uri, HttpMessageInvoker invoker, CancellationToken cancellationToken)
   at GustoWaiter.Views.DashboardPage.ReceiveWaiterEventsAsync(CancellationToken ct) in C:\Users\Adithya\Desktop\demo1\pos_1st_cut\gusto_pos\GustoWaiter\Views\DashboardPage.xaml.cs:line 60
Inner: No connection could be made because the target machine actively refused it. (192.168.1.6:8000)
---
[2026-07-14 18:06:59] DashboardPage.ReceiveWaiterEventsAsync
Type: System.Net.WebSockets.WebSocketException
Message: Unable to connect to the remote server
Stack:    at System.Net.WebSockets.WebSocketHandle.ConnectAsync(Uri uri, HttpMessageInvoker invoker, CancellationToken cancellationToken, ClientWebSocketOptions options)
   at System.Net.WebSockets.ClientWebSocket.ConnectAsyncCore(Uri uri, HttpMessageInvoker invoker, CancellationToken cancellationToken)
   at GustoWaiter.Views.DashboardPage.ReceiveWaiterEventsAsync(CancellationToken ct) in C:\Users\Adithya\Desktop\demo1\pos_1st_cut\gusto_pos\GustoWaiter\Views\DashboardPage.xaml.cs:line 60
Inner: No connection could be made because the target machine actively refused it. (192.168.1.6:8000)
---
[2026-07-14 18:07:01] DashboardPage.ReceiveWaiterEventsAsync
Type: System.Net.WebSockets.WebSocketException
Message: Unable to connect to the remote server
Stack:    at System.Net.WebSockets.WebSocketHandle.ConnectAsync(Uri uri, HttpMessageInvoker invoker, CancellationToken cancellationToken, ClientWebSocketOptions options)
   at System.Net.WebSockets.ClientWebSocket.ConnectAsyncCore(Uri uri, HttpMessageInvoker invoker, CancellationToken cancellationToken)
   at GustoWaiter.Views.DashboardPage.ReceiveWaiterEventsAsync(CancellationToken ct) in C:\Users\Adithya\Desktop\demo1\pos_1st_cut\gusto_pos\GustoWaiter\Views\DashboardPage.xaml.cs:line 60
Inner: No connection could be made because the target machine actively refused it. (192.168.1.6:8000)
---
[2026-07-14 18:07:07] DashboardPage.ReceiveWaiterEventsAsync
Type: System.Net.WebSockets.WebSocketException
Message: Unable to connect to the remote server
Stack:    at System.Net.WebSockets.WebSocketHandle.ConnectAsync(Uri uri, HttpMessageInvoker invoker, CancellationToken cancellationToken, ClientWebSocketOptions options)
   at System.Net.WebSockets.ClientWebSocket.ConnectAsyncCore(Uri uri, HttpMessageInvoker invoker, CancellationToken cancellationToken)
   at GustoWaiter.Views.DashboardPage.ReceiveWaiterEventsAsync(CancellationToken ct) in C:\Users\Adithya\Desktop\demo1\pos_1st_cut\gusto_pos\GustoWaiter\Views\DashboardPage.xaml.cs:line 60
Inner: No connection could be made because the target machine actively refused it. (192.168.1.6:8000)
---
[2026-07-14 18:07:08] DashboardPage.ReceiveWaiterEventsAsync
Type: System.Net.WebSockets.WebSocketException
Message: Unable to connect to the remote server
Stack:    at System.Net.WebSockets.WebSocketHandle.ConnectAsync(Uri uri, HttpMessageInvoker invoker, CancellationToken cancellationToken, ClientWebSocketOptions options)
   at System.Net.WebSockets.ClientWebSocket.ConnectAsyncCore(Uri uri, HttpMessageInvoker invoker, CancellationToken cancellationToken)
   at GustoWaiter.Views.DashboardPage.ReceiveWaiterEventsAsync(CancellationToken ct) in C:\Users\Adithya\Desktop\demo1\pos_1st_cut\gusto_pos\GustoWaiter\Views\DashboardPage.xaml.cs:line 60
Inner: No connection could be made because the target machine actively refused it. (192.168.1.6:8000)
---
[2026-07-14 18:07:14] DashboardPage.ReceiveWaiterEventsAsync
Type: System.Net.WebSockets.WebSocketException
Message: Unable to connect to the remote server
Stack:    at System.Net.WebSockets.WebSocketHandle.ConnectAsync(Uri uri, HttpMessageInvoker invoker, CancellationToken cancellationToken, ClientWebSocketOptions options)
   at System.Net.WebSockets.ClientWebSocket.ConnectAsyncCore(Uri uri, HttpMessageInvoker invoker, CancellationToken cancellationToken)
   at GustoWaiter.Views.DashboardPage.ReceiveWaiterEventsAsync(CancellationToken ct) in C:\Users\Adithya\Desktop\demo1\pos_1st_cut\gusto_pos\GustoWaiter\Views\DashboardPage.xaml.cs:line 60
Inner: No connection could be made because the target machine actively refused it. (192.168.1.6:8000)
---
[2026-07-14 18:07:16] DashboardPage.ReceiveWaiterEventsAsync
Type: System.Net.WebSockets.WebSocketException
Message: Unable to connect to the remote server
Stack:    at System.Net.WebSockets.WebSocketHandle.ConnectAsync(Uri uri, HttpMessageInvoker invoker, CancellationToken cancellationToken, ClientWebSocketOptions options)
   at System.Net.WebSockets.ClientWebSocket.ConnectAsyncCore(Uri uri, HttpMessageInvoker invoker, CancellationToken cancellationToken)
   at GustoWaiter.Views.DashboardPage.ReceiveWaiterEventsAsync(CancellationToken ct) in C:\Users\Adithya\Desktop\demo1\pos_1st_cut\gusto_pos\GustoWaiter\Views\DashboardPage.xaml.cs:line 60
Inner: No connection could be made because the target machine actively refused it. (192.168.1.6:8000)
---
[2026-07-14 18:07:21] DashboardPage.ReceiveWaiterEventsAsync
Type: System.Net.WebSockets.WebSocketException
Message: Unable to connect to the remote server
Stack:    at System.Net.WebSockets.WebSocketHandle.ConnectAsync(Uri uri, HttpMessageInvoker invoker, CancellationToken cancellationToken, ClientWebSocketOptions options)
   at System.Net.WebSockets.ClientWebSocket.ConnectAsyncCore(Uri uri, HttpMessageInvoker invoker, CancellationToken cancellationToken)
   at GustoWaiter.Views.DashboardPage.ReceiveWaiterEventsAsync(CancellationToken ct) in C:\Users\Adithya\Desktop\demo1\pos_1st_cut\gusto_pos\GustoWaiter\Views\DashboardPage.xaml.cs:line 60
Inner: No connection could be made because the target machine actively refused it. (192.168.1.6:8000)
---
[2026-07-14 18:07:23] DashboardPage.ReceiveWaiterEventsAsync
Type: System.Net.WebSockets.WebSocketException
Message: Unable to connect to the remote server
Stack:    at System.Net.WebSockets.WebSocketHandle.ConnectAsync(Uri uri, HttpMessageInvoker invoker, CancellationToken cancellationToken, ClientWebSocketOptions options)
   at System.Net.WebSockets.ClientWebSocket.ConnectAsyncCore(Uri uri, HttpMessageInvoker invoker, CancellationToken cancellationToken)
   at GustoWaiter.Views.DashboardPage.ReceiveWaiterEventsAsync(CancellationToken ct) in C:\Users\Adithya\Desktop\demo1\pos_1st_cut\gusto_pos\GustoWaiter\Views\DashboardPage.xaml.cs:line 60
Inner: No connection could be made because the target machine actively refused it. (192.168.1.6:8000)
---
[2026-07-14 18:07:29] DashboardPage.ReceiveWaiterEventsAsync
Type: System.Net.WebSockets.WebSocketException
Message: Unable to connect to the remote server
Stack:    at System.Net.WebSockets.WebSocketHandle.ConnectAsync(Uri uri, HttpMessageInvoker invoker, CancellationToken cancellationToken, ClientWebSocketOptions options)
   at System.Net.WebSockets.ClientWebSocket.ConnectAsyncCore(Uri uri, HttpMessageInvoker invoker, CancellationToken cancellationToken)
   at GustoWaiter.Views.DashboardPage.ReceiveWaiterEventsAsync(CancellationToken ct) in C:\Users\Adithya\Desktop\demo1\pos_1st_cut\gusto_pos\GustoWaiter\Views\DashboardPage.xaml.cs:line 60
Inner: No connection could be made because the target machine actively refused it. (192.168.1.6:8000)
---
[2026-07-14 18:07:30] DashboardPage.ReceiveWaiterEventsAsync
Type: System.Net.WebSockets.WebSocketException
Message: Unable to connect to the remote server
Stack:    at System.Net.WebSockets.WebSocketHandle.ConnectAsync(Uri uri, HttpMessageInvoker invoker, CancellationToken cancellationToken, ClientWebSocketOptions options)
   at System.Net.WebSockets.ClientWebSocket.ConnectAsyncCore(Uri uri, HttpMessageInvoker invoker, CancellationToken cancellationToken)
   at GustoWaiter.Views.DashboardPage.ReceiveWaiterEventsAsync(CancellationToken ct) in C:\Users\Adithya\Desktop\demo1\pos_1st_cut\gusto_pos\GustoWaiter\Views\DashboardPage.xaml.cs:line 60
Inner: No connection could be made because the target machine actively refused it. (192.168.1.6:8000)
---
[2026-07-14 18:07:36] DashboardPage.ReceiveWaiterEventsAsync
Type: System.Net.WebSockets.WebSocketException
Message: Unable to connect to the remote server
Stack:    at System.Net.WebSockets.WebSocketHandle.ConnectAsync(Uri uri, HttpMessageInvoker invoker, CancellationToken cancellationToken, ClientWebSocketOptions options)
   at System.Net.WebSockets.ClientWebSocket.ConnectAsyncCore(Uri uri, HttpMessageInvoker invoker, CancellationToken cancellationToken)
   at GustoWaiter.Views.DashboardPage.ReceiveWaiterEventsAsync(CancellationToken ct) in C:\Users\Adithya\Desktop\demo1\pos_1st_cut\gusto_pos\GustoWaiter\Views\DashboardPage.xaml.cs:line 60
Inner: No connection could be made because the target machine actively refused it. (192.168.1.6:8000)
---
[2026-07-14 18:07:39] DashboardPage.ReceiveWaiterEventsAsync
Type: System.Net.WebSockets.WebSocketException
Message: Unable to connect to the remote server
Stack:    at System.Net.WebSockets.WebSocketHandle.ConnectAsync(Uri uri, HttpMessageInvoker invoker, CancellationToken cancellationToken, ClientWebSocketOptions options)
   at System.Net.WebSockets.ClientWebSocket.ConnectAsyncCore(Uri uri, HttpMessageInvoker invoker, CancellationToken cancellationToken)
   at GustoWaiter.Views.DashboardPage.ReceiveWaiterEventsAsync(CancellationToken ct) in C:\Users\Adithya\Desktop\demo1\pos_1st_cut\gusto_pos\GustoWaiter\Views\DashboardPage.xaml.cs:line 60
Inner: No connection could be made because the target machine actively refused it. (192.168.1.6:8000)
---
[2026-07-14 18:07:43] DashboardPage.ReceiveWaiterEventsAsync
Type: System.Net.WebSockets.WebSocketException
Message: Unable to connect to the remote server
Stack:    at System.Net.WebSockets.WebSocketHandle.ConnectAsync(Uri uri, HttpMessageInvoker invoker, CancellationToken cancellationToken, ClientWebSocketOptions options)
   at System.Net.WebSockets.ClientWebSocket.ConnectAsyncCore(Uri uri, HttpMessageInvoker invoker, CancellationToken cancellationToken)
   at GustoWaiter.Views.DashboardPage.ReceiveWaiterEventsAsync(CancellationToken ct) in C:\Users\Adithya\Desktop\demo1\pos_1st_cut\gusto_pos\GustoWaiter\Views\DashboardPage.xaml.cs:line 60
Inner: No connection could be made because the target machine actively refused it. (192.168.1.6:8000)
---
[2026-07-14 18:07:46] DashboardPage.ReceiveWaiterEventsAsync
Type: System.Net.WebSockets.WebSocketException
Message: Unable to connect to the remote server
Stack:    at System.Net.WebSockets.WebSocketHandle.ConnectAsync(Uri uri, HttpMessageInvoker invoker, CancellationToken cancellationToken, ClientWebSocketOptions options)
   at System.Net.WebSockets.ClientWebSocket.ConnectAsyncCore(Uri uri, HttpMessageInvoker invoker, CancellationToken cancellationToken)
   at GustoWaiter.Views.DashboardPage.ReceiveWaiterEventsAsync(CancellationToken ct) in C:\Users\Adithya\Desktop\demo1\pos_1st_cut\gusto_pos\GustoWaiter\Views\DashboardPage.xaml.cs:line 60
Inner: No connection could be made because the target machine actively refused it. (192.168.1.6:8000)
---
[2026-07-14 18:07:51] DashboardPage.ReceiveWaiterEventsAsync
Type: System.Net.WebSockets.WebSocketException
Message: Unable to connect to the remote server
Stack:    at System.Net.WebSockets.WebSocketHandle.ConnectAsync(Uri uri, HttpMessageInvoker invoker, CancellationToken cancellationToken, ClientWebSocketOptions options)
   at System.Net.WebSockets.ClientWebSocket.ConnectAsyncCore(Uri uri, HttpMessageInvoker invoker, CancellationToken cancellationToken)
   at GustoWaiter.Views.DashboardPage.ReceiveWaiterEventsAsync(CancellationToken ct) in C:\Users\Adithya\Desktop\demo1\pos_1st_cut\gusto_pos\GustoWaiter\Views\DashboardPage.xaml.cs:line 60
Inner: No connection could be made because the target machine actively refused it. (192.168.1.6:8000)
---
[2026-07-14 18:07:54] DashboardPage.ReceiveWaiterEventsAsync
Type: System.Net.WebSockets.WebSocketException
Message: Unable to connect to the remote server
Stack:    at System.Net.WebSockets.WebSocketHandle.ConnectAsync(Uri uri, HttpMessageInvoker invoker, CancellationToken cancellationToken, ClientWebSocketOptions options)
   at System.Net.WebSockets.ClientWebSocket.ConnectAsyncCore(Uri uri, HttpMessageInvoker invoker, CancellationToken cancellationToken)
   at GustoWaiter.Views.DashboardPage.ReceiveWaiterEventsAsync(CancellationToken ct) in C:\Users\Adithya\Desktop\demo1\pos_1st_cut\gusto_pos\GustoWaiter\Views\DashboardPage.xaml.cs:line 60
Inner: No connection could be made because the target machine actively refused it. (192.168.1.6:8000)
---
[2026-07-14 18:07:58] DashboardPage.ReceiveWaiterEventsAsync
Type: System.Net.WebSockets.WebSocketException
Message: Unable to connect to the remote server
Stack:    at System.Net.WebSockets.WebSocketHandle.ConnectAsync(Uri uri, HttpMessageInvoker invoker, CancellationToken cancellationToken, ClientWebSocketOptions options)
   at System.Net.WebSockets.ClientWebSocket.ConnectAsyncCore(Uri uri, HttpMessageInvoker invoker, CancellationToken cancellationToken)
   at GustoWaiter.Views.DashboardPage.ReceiveWaiterEventsAsync(CancellationToken ct) in C:\Users\Adithya\Desktop\demo1\pos_1st_cut\gusto_pos\GustoWaiter\Views\DashboardPage.xaml.cs:line 60
Inner: No connection could be made because the target machine actively refused it. (192.168.1.6:8000)
---
[2026-07-14 18:08:01] DashboardPage.ReceiveWaiterEventsAsync
Type: System.Net.WebSockets.WebSocketException
Message: Unable to connect to the remote server
Stack:    at System.Net.WebSockets.WebSocketHandle.ConnectAsync(Uri uri, HttpMessageInvoker invoker, CancellationToken cancellationToken, ClientWebSocketOptions options)
   at System.Net.WebSockets.ClientWebSocket.ConnectAsyncCore(Uri uri, HttpMessageInvoker invoker, CancellationToken cancellationToken)
   at GustoWaiter.Views.DashboardPage.ReceiveWaiterEventsAsync(CancellationToken ct) in C:\Users\Adithya\Desktop\demo1\pos_1st_cut\gusto_pos\GustoWaiter\Views\DashboardPage.xaml.cs:line 60
Inner: No connection could be made because the target machine actively refused it. (192.168.1.6:8000)
---
[2026-07-14 18:08:05] DashboardPage.ReceiveWaiterEventsAsync
Type: System.Net.WebSockets.WebSocketException
Message: Unable to connect to the remote server
Stack:    at System.Net.WebSockets.WebSocketHandle.ConnectAsync(Uri uri, HttpMessageInvoker invoker, CancellationToken cancellationToken, ClientWebSocketOptions options)
   at System.Net.WebSockets.ClientWebSocket.ConnectAsyncCore(Uri uri, HttpMessageInvoker invoker, CancellationToken cancellationToken)
   at GustoWaiter.Views.DashboardPage.ReceiveWaiterEventsAsync(CancellationToken ct) in C:\Users\Adithya\Desktop\demo1\pos_1st_cut\gusto_pos\GustoWaiter\Views\DashboardPage.xaml.cs:line 60
Inner: No connection could be made because the target machine actively refused it. (192.168.1.6:8000)
---
[2026-07-14 18:08:08] DashboardPage.ReceiveWaiterEventsAsync
Type: System.Net.WebSockets.WebSocketException
Message: Unable to connect to the remote server
Stack:    at System.Net.WebSockets.WebSocketHandle.ConnectAsync(Uri uri, HttpMessageInvoker invoker, CancellationToken cancellationToken, ClientWebSocketOptions options)
   at System.Net.WebSockets.ClientWebSocket.ConnectAsyncCore(Uri uri, HttpMessageInvoker invoker, CancellationToken cancellationToken)
   at GustoWaiter.Views.DashboardPage.ReceiveWaiterEventsAsync(CancellationToken ct) in C:\Users\Adithya\Desktop\demo1\pos_1st_cut\gusto_pos\GustoWaiter\Views\DashboardPage.xaml.cs:line 60
Inner: No connection could be made because the target machine actively refused it. (192.168.1.6:8000)
---
[2026-07-14 18:08:13] DashboardPage.ReceiveWaiterEventsAsync
Type: System.Net.WebSockets.WebSocketException
Message: Unable to connect to the remote server
Stack:    at System.Net.WebSockets.WebSocketHandle.ConnectAsync(Uri uri, HttpMessageInvoker invoker, CancellationToken cancellationToken, ClientWebSocketOptions options)
   at System.Net.WebSockets.ClientWebSocket.ConnectAsyncCore(Uri uri, HttpMessageInvoker invoker, CancellationToken cancellationToken)
   at GustoWaiter.Views.DashboardPage.ReceiveWaiterEventsAsync(CancellationToken ct) in C:\Users\Adithya\Desktop\demo1\pos_1st_cut\gusto_pos\GustoWaiter\Views\DashboardPage.xaml.cs:line 60
Inner: No connection could be made because the target machine actively refused it. (192.168.1.6:8000)
---
[2026-07-14 18:08:16] DashboardPage.ReceiveWaiterEventsAsync
Type: System.Net.WebSockets.WebSocketException
Message: Unable to connect to the remote server
Stack:    at System.Net.WebSockets.WebSocketHandle.ConnectAsync(Uri uri, HttpMessageInvoker invoker, CancellationToken cancellationToken, ClientWebSocketOptions options)
   at System.Net.WebSockets.ClientWebSocket.ConnectAsyncCore(Uri uri, HttpMessageInvoker invoker, CancellationToken cancellationToken)
   at GustoWaiter.Views.DashboardPage.ReceiveWaiterEventsAsync(CancellationToken ct) in C:\Users\Adithya\Desktop\demo1\pos_1st_cut\gusto_pos\GustoWaiter\Views\DashboardPage.xaml.cs:line 60
Inner: No connection could be made because the target machine actively refused it. (192.168.1.6:8000)
---
[2026-07-14 18:08:20] DashboardPage.ReceiveWaiterEventsAsync
Type: System.Net.WebSockets.WebSocketException
Message: Unable to connect to the remote server
Stack:    at System.Net.WebSockets.WebSocketHandle.ConnectAsync(Uri uri, HttpMessageInvoker invoker, CancellationToken cancellationToken, ClientWebSocketOptions options)
   at System.Net.WebSockets.ClientWebSocket.ConnectAsyncCore(Uri uri, HttpMessageInvoker invoker, CancellationToken cancellationToken)
   at GustoWaiter.Views.DashboardPage.ReceiveWaiterEventsAsync(CancellationToken ct) in C:\Users\Adithya\Desktop\demo1\pos_1st_cut\gusto_pos\GustoWaiter\Views\DashboardPage.xaml.cs:line 60
Inner: No connection could be made because the target machine actively refused it. (192.168.1.6:8000)
---
[2026-07-14 18:08:23] DashboardPage.ReceiveWaiterEventsAsync
Type: System.Net.WebSockets.WebSocketException
Message: Unable to connect to the remote server
Stack:    at System.Net.WebSockets.WebSocketHandle.ConnectAsync(Uri uri, HttpMessageInvoker invoker, CancellationToken cancellationToken, ClientWebSocketOptions options)
   at System.Net.WebSockets.ClientWebSocket.ConnectAsyncCore(Uri uri, HttpMessageInvoker invoker, CancellationToken cancellationToken)
   at GustoWaiter.Views.DashboardPage.ReceiveWaiterEventsAsync(CancellationToken ct) in C:\Users\Adithya\Desktop\demo1\pos_1st_cut\gusto_pos\GustoWaiter\Views\DashboardPage.xaml.cs:line 60
Inner: No connection could be made because the target machine actively refused it. (192.168.1.6:8000)
---
[2026-07-14 18:08:27] DashboardPage.ReceiveWaiterEventsAsync
Type: System.Net.WebSockets.WebSocketException
Message: Unable to connect to the remote server
Stack:    at System.Net.WebSockets.WebSocketHandle.ConnectAsync(Uri uri, HttpMessageInvoker invoker, CancellationToken cancellationToken, ClientWebSocketOptions options)
   at System.Net.WebSockets.ClientWebSocket.ConnectAsyncCore(Uri uri, HttpMessageInvoker invoker, CancellationToken cancellationToken)
   at GustoWaiter.Views.DashboardPage.ReceiveWaiterEventsAsync(CancellationToken ct) in C:\Users\Adithya\Desktop\demo1\pos_1st_cut\gusto_pos\GustoWaiter\Views\DashboardPage.xaml.cs:line 60
Inner: No connection could be made because the target machine actively refused it. (192.168.1.6:8000)
---
[2026-07-14 18:08:30] DashboardPage.ReceiveWaiterEventsAsync
Type: System.Net.WebSockets.WebSocketException
Message: Unable to connect to the remote server
Stack:    at System.Net.WebSockets.WebSocketHandle.ConnectAsync(Uri uri, HttpMessageInvoker invoker, CancellationToken cancellationToken, ClientWebSocketOptions options)
   at System.Net.WebSockets.ClientWebSocket.ConnectAsyncCore(Uri uri, HttpMessageInvoker invoker, CancellationToken cancellationToken)
   at GustoWaiter.Views.DashboardPage.ReceiveWaiterEventsAsync(CancellationToken ct) in C:\Users\Adithya\Desktop\demo1\pos_1st_cut\gusto_pos\GustoWaiter\Views\DashboardPage.xaml.cs:line 60
Inner: No connection could be made because the target machine actively refused it. (192.168.1.6:8000)
---
[2026-07-14 18:08:35] DashboardPage.ReceiveWaiterEventsAsync
Type: System.Net.WebSockets.WebSocketException
Message: Unable to connect to the remote server
Stack:    at System.Net.WebSockets.WebSocketHandle.ConnectAsync(Uri uri, HttpMessageInvoker invoker, CancellationToken cancellationToken, ClientWebSocketOptions options)
   at System.Net.WebSockets.ClientWebSocket.ConnectAsyncCore(Uri uri, HttpMessageInvoker invoker, CancellationToken cancellationToken)
   at GustoWaiter.Views.DashboardPage.ReceiveWaiterEventsAsync(CancellationToken ct) in C:\Users\Adithya\Desktop\demo1\pos_1st_cut\gusto_pos\GustoWaiter\Views\DashboardPage.xaml.cs:line 60
Inner: No connection could be made because the target machine actively refused it. (192.168.1.6:8000)
---
[2026-07-14 18:08:37] DashboardPage.ReceiveWaiterEventsAsync
Type: System.Net.WebSockets.WebSocketException
Message: Unable to connect to the remote server
Stack:    at System.Net.WebSockets.WebSocketHandle.ConnectAsync(Uri uri, HttpMessageInvoker invoker, CancellationToken cancellationToken, ClientWebSocketOptions options)
   at System.Net.WebSockets.ClientWebSocket.ConnectAsyncCore(Uri uri, HttpMessageInvoker invoker, CancellationToken cancellationToken)
   at GustoWaiter.Views.DashboardPage.ReceiveWaiterEventsAsync(CancellationToken ct) in C:\Users\Adithya\Desktop\demo1\pos_1st_cut\gusto_pos\GustoWaiter\Views\DashboardPage.xaml.cs:line 60
Inner: No connection could be made because the target machine actively refused it. (192.168.1.6:8000)
---
[2026-07-14 18:08:42] DashboardPage.ReceiveWaiterEventsAsync
Type: System.Net.WebSockets.WebSocketException
Message: Unable to connect to the remote server
Stack:    at System.Net.WebSockets.WebSocketHandle.ConnectAsync(Uri uri, HttpMessageInvoker invoker, CancellationToken cancellationToken, ClientWebSocketOptions options)
   at System.Net.WebSockets.ClientWebSocket.ConnectAsyncCore(Uri uri, HttpMessageInvoker invoker, CancellationToken cancellationToken)
   at GustoWaiter.Views.DashboardPage.ReceiveWaiterEventsAsync(CancellationToken ct) in C:\Users\Adithya\Desktop\demo1\pos_1st_cut\gusto_pos\GustoWaiter\Views\DashboardPage.xaml.cs:line 60
Inner: No connection could be made because the target machine actively refused it. (192.168.1.6:8000)
---
[2026-07-14 18:08:45] DashboardPage.ReceiveWaiterEventsAsync
Type: System.Net.WebSockets.WebSocketException
Message: Unable to connect to the remote server
Stack:    at System.Net.WebSockets.WebSocketHandle.ConnectAsync(Uri uri, HttpMessageInvoker invoker, CancellationToken cancellationToken, ClientWebSocketOptions options)
   at System.Net.WebSockets.ClientWebSocket.ConnectAsyncCore(Uri uri, HttpMessageInvoker invoker, CancellationToken cancellationToken)
   at GustoWaiter.Views.DashboardPage.ReceiveWaiterEventsAsync(CancellationToken ct) in C:\Users\Adithya\Desktop\demo1\pos_1st_cut\gusto_pos\GustoWaiter\Views\DashboardPage.xaml.cs:line 60
Inner: No connection could be made because the target machine actively refused it. (192.168.1.6:8000)
---
[2026-07-14 18:08:49] DashboardPage.ReceiveWaiterEventsAsync
Type: System.Net.WebSockets.WebSocketException
Message: Unable to connect to the remote server
Stack:    at System.Net.WebSockets.WebSocketHandle.ConnectAsync(Uri uri, HttpMessageInvoker invoker, CancellationToken cancellationToken, ClientWebSocketOptions options)
   at System.Net.WebSockets.ClientWebSocket.ConnectAsyncCore(Uri uri, HttpMessageInvoker invoker, CancellationToken cancellationToken)
   at GustoWaiter.Views.DashboardPage.ReceiveWaiterEventsAsync(CancellationToken ct) in C:\Users\Adithya\Desktop\demo1\pos_1st_cut\gusto_pos\GustoWaiter\Views\DashboardPage.xaml.cs:line 60
Inner: No connection could be made because the target machine actively refused it. (192.168.1.6:8000)
---
[2026-07-14 18:08:52] DashboardPage.ReceiveWaiterEventsAsync
Type: System.Net.WebSockets.WebSocketException
Message: Unable to connect to the remote server
Stack:    at System.Net.WebSockets.WebSocketHandle.ConnectAsync(Uri uri, HttpMessageInvoker invoker, CancellationToken cancellationToken, ClientWebSocketOptions options)
   at System.Net.WebSockets.ClientWebSocket.ConnectAsyncCore(Uri uri, HttpMessageInvoker invoker, CancellationToken cancellationToken)
   at GustoWaiter.Views.DashboardPage.ReceiveWaiterEventsAsync(CancellationToken ct) in C:\Users\Adithya\Desktop\demo1\pos_1st_cut\gusto_pos\GustoWaiter\Views\DashboardPage.xaml.cs:line 60
Inner: No connection could be made because the target machine actively refused it. (192.168.1.6:8000)
---
[2026-07-14 18:08:57] DashboardPage.ReceiveWaiterEventsAsync
Type: System.Net.WebSockets.WebSocketException
Message: Unable to connect to the remote server
Stack:    at System.Net.WebSockets.WebSocketHandle.ConnectAsync(Uri uri, HttpMessageInvoker invoker, CancellationToken cancellationToken, ClientWebSocketOptions options)
   at System.Net.WebSockets.ClientWebSocket.ConnectAsyncCore(Uri uri, HttpMessageInvoker invoker, CancellationToken cancellationToken)
   at GustoWaiter.Views.DashboardPage.ReceiveWaiterEventsAsync(CancellationToken ct) in C:\Users\Adithya\Desktop\demo1\pos_1st_cut\gusto_pos\GustoWaiter\Views\DashboardPage.xaml.cs:line 60
Inner: No connection could be made because the target machine actively refused it. (192.168.1.6:8000)
---
[2026-07-14 18:08:59] DashboardPage.ReceiveWaiterEventsAsync
Type: System.Net.WebSockets.WebSocketException
Message: Unable to connect to the remote server
Stack:    at System.Net.WebSockets.WebSocketHandle.ConnectAsync(Uri uri, HttpMessageInvoker invoker, CancellationToken cancellationToken, ClientWebSocketOptions options)
   at System.Net.WebSockets.ClientWebSocket.ConnectAsyncCore(Uri uri, HttpMessageInvoker invoker, CancellationToken cancellationToken)
   at GustoWaiter.Views.DashboardPage.ReceiveWaiterEventsAsync(CancellationToken ct) in C:\Users\Adithya\Desktop\demo1\pos_1st_cut\gusto_pos\GustoWaiter\Views\DashboardPage.xaml.cs:line 60
Inner: No connection could be made because the target machine actively refused it. (192.168.1.6:8000)
---
[2026-07-14 18:09:04] DashboardPage.ReceiveWaiterEventsAsync
Type: System.Net.WebSockets.WebSocketException
Message: Unable to connect to the remote server
Stack:    at System.Net.WebSockets.WebSocketHandle.ConnectAsync(Uri uri, HttpMessageInvoker invoker, CancellationToken cancellationToken, ClientWebSocketOptions options)
   at System.Net.WebSockets.ClientWebSocket.ConnectAsyncCore(Uri uri, HttpMessageInvoker invoker, CancellationToken cancellationToken)
   at GustoWaiter.Views.DashboardPage.ReceiveWaiterEventsAsync(CancellationToken ct) in C:\Users\Adithya\Desktop\demo1\pos_1st_cut\gusto_pos\GustoWaiter\Views\DashboardPage.xaml.cs:line 60
Inner: No connection could be made because the target machine actively refused it. (192.168.1.6:8000)
---
[2026-07-14 18:09:07] DashboardPage.ReceiveWaiterEventsAsync
Type: System.Net.WebSockets.WebSocketException
Message: Unable to connect to the remote server
Stack:    at System.Net.WebSockets.WebSocketHandle.ConnectAsync(Uri uri, HttpMessageInvoker invoker, CancellationToken cancellationToken, ClientWebSocketOptions options)
   at System.Net.WebSockets.ClientWebSocket.ConnectAsyncCore(Uri uri, HttpMessageInvoker invoker, CancellationToken cancellationToken)
   at GustoWaiter.Views.DashboardPage.ReceiveWaiterEventsAsync(CancellationToken ct) in C:\Users\Adithya\Desktop\demo1\pos_1st_cut\gusto_pos\GustoWaiter\Views\DashboardPage.xaml.cs:line 60
Inner: No connection could be made because the target machine actively refused it. (192.168.1.6:8000)
---
[2026-07-14 18:09:11] DashboardPage.ReceiveWaiterEventsAsync
Type: System.Net.WebSockets.WebSocketException
Message: Unable to connect to the remote server
Stack:    at System.Net.WebSockets.WebSocketHandle.ConnectAsync(Uri uri, HttpMessageInvoker invoker, CancellationToken cancellationToken, ClientWebSocketOptions options)
   at System.Net.WebSockets.ClientWebSocket.ConnectAsyncCore(Uri uri, HttpMessageInvoker invoker, CancellationToken cancellationToken)
   at GustoWaiter.Views.DashboardPage.ReceiveWaiterEventsAsync(CancellationToken ct) in C:\Users\Adithya\Desktop\demo1\pos_1st_cut\gusto_pos\GustoWaiter\Views\DashboardPage.xaml.cs:line 60
Inner: No connection could be made because the target machine actively refused it. (192.168.1.6:8000)
---
[2026-07-14 18:09:14] DashboardPage.ReceiveWaiterEventsAsync
Type: System.Net.WebSockets.WebSocketException
Message: Unable to connect to the remote server
Stack:    at System.Net.WebSockets.WebSocketHandle.ConnectAsync(Uri uri, HttpMessageInvoker invoker, CancellationToken cancellationToken, ClientWebSocketOptions options)
   at System.Net.WebSockets.ClientWebSocket.ConnectAsyncCore(Uri uri, HttpMessageInvoker invoker, CancellationToken cancellationToken)
   at GustoWaiter.Views.DashboardPage.ReceiveWaiterEventsAsync(CancellationToken ct) in C:\Users\Adithya\Desktop\demo1\pos_1st_cut\gusto_pos\GustoWaiter\Views\DashboardPage.xaml.cs:line 60
Inner: No connection could be made because the target machine actively refused it. (192.168.1.6:8000)
---
[2026-07-14 18:09:19] DashboardPage.ReceiveWaiterEventsAsync
Type: System.Net.WebSockets.WebSocketException
Message: Unable to connect to the remote server
Stack:    at System.Net.WebSockets.WebSocketHandle.ConnectAsync(Uri uri, HttpMessageInvoker invoker, CancellationToken cancellationToken, ClientWebSocketOptions options)
   at System.Net.WebSockets.ClientWebSocket.ConnectAsyncCore(Uri uri, HttpMessageInvoker invoker, CancellationToken cancellationToken)
   at GustoWaiter.Views.DashboardPage.ReceiveWaiterEventsAsync(CancellationToken ct) in C:\Users\Adithya\Desktop\demo1\pos_1st_cut\gusto_pos\GustoWaiter\Views\DashboardPage.xaml.cs:line 60
Inner: No connection could be made because the target machine actively refused it. (192.168.1.6:8000)
---
[2026-07-14 18:09:21] DashboardPage.ReceiveWaiterEventsAsync
Type: System.Net.WebSockets.WebSocketException
Message: Unable to connect to the remote server
Stack:    at System.Net.WebSockets.WebSocketHandle.ConnectAsync(Uri uri, HttpMessageInvoker invoker, CancellationToken cancellationToken, ClientWebSocketOptions options)
   at System.Net.WebSockets.ClientWebSocket.ConnectAsyncCore(Uri uri, HttpMessageInvoker invoker, CancellationToken cancellationToken)
   at GustoWaiter.Views.DashboardPage.ReceiveWaiterEventsAsync(CancellationToken ct) in C:\Users\Adithya\Desktop\demo1\pos_1st_cut\gusto_pos\GustoWaiter\Views\DashboardPage.xaml.cs:line 60
Inner: No connection could be made because the target machine actively refused it. (192.168.1.6:8000)
---
[2026-07-14 18:09:26] DashboardPage.ReceiveWaiterEventsAsync
Type: System.Net.WebSockets.WebSocketException
Message: Unable to connect to the remote server
Stack:    at System.Net.WebSockets.WebSocketHandle.ConnectAsync(Uri uri, HttpMessageInvoker invoker, CancellationToken cancellationToken, ClientWebSocketOptions options)
   at System.Net.WebSockets.ClientWebSocket.ConnectAsyncCore(Uri uri, HttpMessageInvoker invoker, CancellationToken cancellationToken)
   at GustoWaiter.Views.DashboardPage.ReceiveWaiterEventsAsync(CancellationToken ct) in C:\Users\Adithya\Desktop\demo1\pos_1st_cut\gusto_pos\GustoWaiter\Views\DashboardPage.xaml.cs:line 60
Inner: No connection could be made because the target machine actively refused it. (192.168.1.6:8000)
---
[2026-07-14 18:09:29] DashboardPage.ReceiveWaiterEventsAsync
Type: System.Net.WebSockets.WebSocketException
Message: Unable to connect to the remote server
Stack:    at System.Net.WebSockets.WebSocketHandle.ConnectAsync(Uri uri, HttpMessageInvoker invoker, CancellationToken cancellationToken, ClientWebSocketOptions options)
   at System.Net.WebSockets.ClientWebSocket.ConnectAsyncCore(Uri uri, HttpMessageInvoker invoker, CancellationToken cancellationToken)
   at GustoWaiter.Views.DashboardPage.ReceiveWaiterEventsAsync(CancellationToken ct) in C:\Users\Adithya\Desktop\demo1\pos_1st_cut\gusto_pos\GustoWaiter\Views\DashboardPage.xaml.cs:line 60
Inner: No connection could be made because the target machine actively refused it. (192.168.1.6:8000)
---
[2026-07-14 18:09:34] DashboardPage.ReceiveWaiterEventsAsync
Type: System.Net.WebSockets.WebSocketException
Message: Unable to connect to the remote server
Stack:    at System.Net.WebSockets.WebSocketHandle.ConnectAsync(Uri uri, HttpMessageInvoker invoker, CancellationToken cancellationToken, ClientWebSocketOptions options)
   at System.Net.WebSockets.ClientWebSocket.ConnectAsyncCore(Uri uri, HttpMessageInvoker invoker, CancellationToken cancellationToken)
   at GustoWaiter.Views.DashboardPage.ReceiveWaiterEventsAsync(CancellationToken ct) in C:\Users\Adithya\Desktop\demo1\pos_1st_cut\gusto_pos\GustoWaiter\Views\DashboardPage.xaml.cs:line 60
Inner: No connection could be made because the target machine actively refused it. (192.168.1.6:8000)
---
[2026-07-14 18:09:36] DashboardPage.ReceiveWaiterEventsAsync
Type: System.Net.WebSockets.WebSocketException
Message: Unable to connect to the remote server
Stack:    at System.Net.WebSockets.WebSocketHandle.ConnectAsync(Uri uri, HttpMessageInvoker invoker, CancellationToken cancellationToken, ClientWebSocketOptions options)
   at System.Net.WebSockets.ClientWebSocket.ConnectAsyncCore(Uri uri, HttpMessageInvoker invoker, CancellationToken cancellationToken)
   at GustoWaiter.Views.DashboardPage.ReceiveWaiterEventsAsync(CancellationToken ct) in C:\Users\Adithya\Desktop\demo1\pos_1st_cut\gusto_pos\GustoWaiter\Views\DashboardPage.xaml.cs:line 60
Inner: No connection could be made because the target machine actively refused it. (192.168.1.6:8000)
---
[2026-07-14 18:09:41] DashboardPage.ReceiveWaiterEventsAsync
Type: System.Net.WebSockets.WebSocketException
Message: Unable to connect to the remote server
Stack:    at System.Net.WebSockets.WebSocketHandle.ConnectAsync(Uri uri, HttpMessageInvoker invoker, CancellationToken cancellationToken, ClientWebSocketOptions options)
   at System.Net.WebSockets.ClientWebSocket.ConnectAsyncCore(Uri uri, HttpMessageInvoker invoker, CancellationToken cancellationToken)
   at GustoWaiter.Views.DashboardPage.ReceiveWaiterEventsAsync(CancellationToken ct) in C:\Users\Adithya\Desktop\demo1\pos_1st_cut\gusto_pos\GustoWaiter\Views\DashboardPage.xaml.cs:line 60
Inner: No connection could be made because the target machine actively refused it. (192.168.1.6:8000)
---
[2026-07-14 18:09:43] DashboardPage.ReceiveWaiterEventsAsync
Type: System.Net.WebSockets.WebSocketException
Message: Unable to connect to the remote server
Stack:    at System.Net.WebSockets.WebSocketHandle.ConnectAsync(Uri uri, HttpMessageInvoker invoker, CancellationToken cancellationToken, ClientWebSocketOptions options)
   at System.Net.WebSockets.ClientWebSocket.ConnectAsyncCore(Uri uri, HttpMessageInvoker invoker, CancellationToken cancellationToken)
   at GustoWaiter.Views.DashboardPage.ReceiveWaiterEventsAsync(CancellationToken ct) in C:\Users\Adithya\Desktop\demo1\pos_1st_cut\gusto_pos\GustoWaiter\Views\DashboardPage.xaml.cs:line 60
Inner: No connection could be made because the target machine actively refused it. (192.168.1.6:8000)
---
[2026-07-14 18:09:48] DashboardPage.ReceiveWaiterEventsAsync
Type: System.Net.WebSockets.WebSocketException
Message: Unable to connect to the remote server
Stack:    at System.Net.WebSockets.WebSocketHandle.ConnectAsync(Uri uri, HttpMessageInvoker invoker, CancellationToken cancellationToken, ClientWebSocketOptions options)
   at System.Net.WebSockets.ClientWebSocket.ConnectAsyncCore(Uri uri, HttpMessageInvoker invoker, CancellationToken cancellationToken)
   at GustoWaiter.Views.DashboardPage.ReceiveWaiterEventsAsync(CancellationToken ct) in C:\Users\Adithya\Desktop\demo1\pos_1st_cut\gusto_pos\GustoWaiter\Views\DashboardPage.xaml.cs:line 60
Inner: No connection could be made because the target machine actively refused it. (192.168.1.6:8000)
---
[2026-07-14 18:09:51] DashboardPage.ReceiveWaiterEventsAsync
Type: System.Net.WebSockets.WebSocketException
Message: Unable to connect to the remote server
Stack:    at System.Net.WebSockets.WebSocketHandle.ConnectAsync(Uri uri, HttpMessageInvoker invoker, CancellationToken cancellationToken, ClientWebSocketOptions options)
   at System.Net.WebSockets.ClientWebSocket.ConnectAsyncCore(Uri uri, HttpMessageInvoker invoker, CancellationToken cancellationToken)
   at GustoWaiter.Views.DashboardPage.ReceiveWaiterEventsAsync(CancellationToken ct) in C:\Users\Adithya\Desktop\demo1\pos_1st_cut\gusto_pos\GustoWaiter\Views\DashboardPage.xaml.cs:line 60
Inner: No connection could be made because the target machine actively refused it. (192.168.1.6:8000)
---
[2026-07-14 18:09:56] DashboardPage.ReceiveWaiterEventsAsync
Type: System.Net.WebSockets.WebSocketException
Message: Unable to connect to the remote server
Stack:    at System.Net.WebSockets.WebSocketHandle.ConnectAsync(Uri uri, HttpMessageInvoker invoker, CancellationToken cancellationToken, ClientWebSocketOptions options)
   at System.Net.WebSockets.ClientWebSocket.ConnectAsyncCore(Uri uri, HttpMessageInvoker invoker, CancellationToken cancellationToken)
   at GustoWaiter.Views.DashboardPage.ReceiveWaiterEventsAsync(CancellationToken ct) in C:\Users\Adithya\Desktop\demo1\pos_1st_cut\gusto_pos\GustoWaiter\Views\DashboardPage.xaml.cs:line 60
Inner: No connection could be made because the target machine actively refused it. (192.168.1.6:8000)
---
[2026-07-14 18:09:58] DashboardPage.ReceiveWaiterEventsAsync
Type: System.Net.WebSockets.WebSocketException
Message: Unable to connect to the remote server
Stack:    at System.Net.WebSockets.WebSocketHandle.ConnectAsync(Uri uri, HttpMessageInvoker invoker, CancellationToken cancellationToken, ClientWebSocketOptions options)
   at System.Net.WebSockets.ClientWebSocket.ConnectAsyncCore(Uri uri, HttpMessageInvoker invoker, CancellationToken cancellationToken)
   at GustoWaiter.Views.DashboardPage.ReceiveWaiterEventsAsync(CancellationToken ct) in C:\Users\Adithya\Desktop\demo1\pos_1st_cut\gusto_pos\GustoWaiter\Views\DashboardPage.xaml.cs:line 60
Inner: No connection could be made because the target machine actively refused it. (192.168.1.6:8000)
---
[2026-07-14 18:10:03] DashboardPage.ReceiveWaiterEventsAsync
Type: System.Net.WebSockets.WebSocketException
Message: Unable to connect to the remote server
Stack:    at System.Net.WebSockets.WebSocketHandle.ConnectAsync(Uri uri, HttpMessageInvoker invoker, CancellationToken cancellationToken, ClientWebSocketOptions options)
   at System.Net.WebSockets.ClientWebSocket.ConnectAsyncCore(Uri uri, HttpMessageInvoker invoker, CancellationToken cancellationToken)
   at GustoWaiter.Views.DashboardPage.ReceiveWaiterEventsAsync(CancellationToken ct) in C:\Users\Adithya\Desktop\demo1\pos_1st_cut\gusto_pos\GustoWaiter\Views\DashboardPage.xaml.cs:line 60
Inner: No connection could be made because the target machine actively refused it. (192.168.1.6:8000)
---
[2026-07-14 18:10:05] DashboardPage.ReceiveWaiterEventsAsync
Type: System.Net.WebSockets.WebSocketException
Message: Unable to connect to the remote server
Stack:    at System.Net.WebSockets.WebSocketHandle.ConnectAsync(Uri uri, HttpMessageInvoker invoker, CancellationToken cancellationToken, ClientWebSocketOptions options)
   at System.Net.WebSockets.ClientWebSocket.ConnectAsyncCore(Uri uri, HttpMessageInvoker invoker, CancellationToken cancellationToken)
   at GustoWaiter.Views.DashboardPage.ReceiveWaiterEventsAsync(CancellationToken ct) in C:\Users\Adithya\Desktop\demo1\pos_1st_cut\gusto_pos\GustoWaiter\Views\DashboardPage.xaml.cs:line 60
Inner: No connection could be made because the target machine actively refused it. (192.168.1.6:8000)
---
[2026-07-14 18:10:10] DashboardPage.ReceiveWaiterEventsAsync
Type: System.Net.WebSockets.WebSocketException
Message: Unable to connect to the remote server
Stack:    at System.Net.WebSockets.WebSocketHandle.ConnectAsync(Uri uri, HttpMessageInvoker invoker, CancellationToken cancellationToken, ClientWebSocketOptions options)
   at System.Net.WebSockets.ClientWebSocket.ConnectAsyncCore(Uri uri, HttpMessageInvoker invoker, CancellationToken cancellationToken)
   at GustoWaiter.Views.DashboardPage.ReceiveWaiterEventsAsync(CancellationToken ct) in C:\Users\Adithya\Desktop\demo1\pos_1st_cut\gusto_pos\GustoWaiter\Views\DashboardPage.xaml.cs:line 60
Inner: No connection could be made because the target machine actively refused it. (192.168.1.6:8000)
---
[2026-07-14 18:10:13] DashboardPage.ReceiveWaiterEventsAsync
Type: System.Net.WebSockets.WebSocketException
Message: Unable to connect to the remote server
Stack:    at System.Net.WebSockets.WebSocketHandle.ConnectAsync(Uri uri, HttpMessageInvoker invoker, CancellationToken cancellationToken, ClientWebSocketOptions options)
   at System.Net.WebSockets.ClientWebSocket.ConnectAsyncCore(Uri uri, HttpMessageInvoker invoker, CancellationToken cancellationToken)
   at GustoWaiter.Views.DashboardPage.ReceiveWaiterEventsAsync(CancellationToken ct) in C:\Users\Adithya\Desktop\demo1\pos_1st_cut\gusto_pos\GustoWaiter\Views\DashboardPage.xaml.cs:line 60
Inner: No connection could be made because the target machine actively refused it. (192.168.1.6:8000)
---
[2026-07-14 18:10:18] DashboardPage.ReceiveWaiterEventsAsync
Type: System.Net.WebSockets.WebSocketException
Message: Unable to connect to the remote server
Stack:    at System.Net.WebSockets.WebSocketHandle.ConnectAsync(Uri uri, HttpMessageInvoker invoker, CancellationToken cancellationToken, ClientWebSocketOptions options)
   at System.Net.WebSockets.ClientWebSocket.ConnectAsyncCore(Uri uri, HttpMessageInvoker invoker, CancellationToken cancellationToken)
   at GustoWaiter.Views.DashboardPage.ReceiveWaiterEventsAsync(CancellationToken ct) in C:\Users\Adithya\Desktop\demo1\pos_1st_cut\gusto_pos\GustoWaiter\Views\DashboardPage.xaml.cs:line 60
Inner: No connection could be made because the target machine actively refused it. (192.168.1.6:8000)
---
[2026-07-14 18:10:20] DashboardPage.ReceiveWaiterEventsAsync
Type: System.Net.WebSockets.WebSocketException
Message: Unable to connect to the remote server
Stack:    at System.Net.WebSockets.WebSocketHandle.ConnectAsync(Uri uri, HttpMessageInvoker invoker, CancellationToken cancellationToken, ClientWebSocketOptions options)
   at System.Net.WebSockets.ClientWebSocket.ConnectAsyncCore(Uri uri, HttpMessageInvoker invoker, CancellationToken cancellationToken)
   at GustoWaiter.Views.DashboardPage.ReceiveWaiterEventsAsync(CancellationToken ct) in C:\Users\Adithya\Desktop\demo1\pos_1st_cut\gusto_pos\GustoWaiter\Views\DashboardPage.xaml.cs:line 60
Inner: No connection could be made because the target machine actively refused it. (192.168.1.6:8000)
---
[2026-07-14 18:10:25] DashboardPage.ReceiveWaiterEventsAsync
Type: System.Net.WebSockets.WebSocketException
Message: Unable to connect to the remote server
Stack:    at System.Net.WebSockets.WebSocketHandle.ConnectAsync(Uri uri, HttpMessageInvoker invoker, CancellationToken cancellationToken, ClientWebSocketOptions options)
   at System.Net.WebSockets.ClientWebSocket.ConnectAsyncCore(Uri uri, HttpMessageInvoker invoker, CancellationToken cancellationToken)
   at GustoWaiter.Views.DashboardPage.ReceiveWaiterEventsAsync(CancellationToken ct) in C:\Users\Adithya\Desktop\demo1\pos_1st_cut\gusto_pos\GustoWaiter\Views\DashboardPage.xaml.cs:line 60
Inner: No connection could be made because the target machine actively refused it. (192.168.1.6:8000)
---
[2026-07-14 18:10:27] DashboardPage.ReceiveWaiterEventsAsync
Type: System.Net.WebSockets.WebSocketException
Message: Unable to connect to the remote server
Stack:    at System.Net.WebSockets.WebSocketHandle.ConnectAsync(Uri uri, HttpMessageInvoker invoker, CancellationToken cancellationToken, ClientWebSocketOptions options)
   at System.Net.WebSockets.ClientWebSocket.ConnectAsyncCore(Uri uri, HttpMessageInvoker invoker, CancellationToken cancellationToken)
   at GustoWaiter.Views.DashboardPage.ReceiveWaiterEventsAsync(CancellationToken ct) in C:\Users\Adithya\Desktop\demo1\pos_1st_cut\gusto_pos\GustoWaiter\Views\DashboardPage.xaml.cs:line 60
Inner: No connection could be made because the target machine actively refused it. (192.168.1.6:8000)
---
[2026-07-14 18:10:32] DashboardPage.ReceiveWaiterEventsAsync
Type: System.Net.WebSockets.WebSocketException
Message: Unable to connect to the remote server
Stack:    at System.Net.WebSockets.WebSocketHandle.ConnectAsync(Uri uri, HttpMessageInvoker invoker, CancellationToken cancellationToken, ClientWebSocketOptions options)
   at System.Net.WebSockets.ClientWebSocket.ConnectAsyncCore(Uri uri, HttpMessageInvoker invoker, CancellationToken cancellationToken)
   at GustoWaiter.Views.DashboardPage.ReceiveWaiterEventsAsync(CancellationToken ct) in C:\Users\Adithya\Desktop\demo1\pos_1st_cut\gusto_pos\GustoWaiter\Views\DashboardPage.xaml.cs:line 60
Inner: No connection could be made because the target machine actively refused it. (192.168.1.6:8000)
---
[2026-07-14 18:10:35] DashboardPage.ReceiveWaiterEventsAsync
Type: System.Net.WebSockets.WebSocketException
Message: Unable to connect to the remote server
Stack:    at System.Net.WebSockets.WebSocketHandle.ConnectAsync(Uri uri, HttpMessageInvoker invoker, CancellationToken cancellationToken, ClientWebSocketOptions options)
   at System.Net.WebSockets.ClientWebSocket.ConnectAsyncCore(Uri uri, HttpMessageInvoker invoker, CancellationToken cancellationToken)
   at GustoWaiter.Views.DashboardPage.ReceiveWaiterEventsAsync(CancellationToken ct) in C:\Users\Adithya\Desktop\demo1\pos_1st_cut\gusto_pos\GustoWaiter\Views\DashboardPage.xaml.cs:line 60
Inner: No connection could be made because the target machine actively refused it. (192.168.1.6:8000)
---
[2026-07-14 18:10:40] DashboardPage.ReceiveWaiterEventsAsync
Type: System.Net.WebSockets.WebSocketException
Message: Unable to connect to the remote server
Stack:    at System.Net.WebSockets.WebSocketHandle.ConnectAsync(Uri uri, HttpMessageInvoker invoker, CancellationToken cancellationToken, ClientWebSocketOptions options)
   at System.Net.WebSockets.ClientWebSocket.ConnectAsyncCore(Uri uri, HttpMessageInvoker invoker, CancellationToken cancellationToken)
   at GustoWaiter.Views.DashboardPage.ReceiveWaiterEventsAsync(CancellationToken ct) in C:\Users\Adithya\Desktop\demo1\pos_1st_cut\gusto_pos\GustoWaiter\Views\DashboardPage.xaml.cs:line 60
Inner: No connection could be made because the target machine actively refused it. (192.168.1.6:8000)
---
[2026-07-14 18:10:42] DashboardPage.ReceiveWaiterEventsAsync
Type: System.Net.WebSockets.WebSocketException
Message: Unable to connect to the remote server
Stack:    at System.Net.WebSockets.WebSocketHandle.ConnectAsync(Uri uri, HttpMessageInvoker invoker, CancellationToken cancellationToken, ClientWebSocketOptions options)
   at System.Net.WebSockets.ClientWebSocket.ConnectAsyncCore(Uri uri, HttpMessageInvoker invoker, CancellationToken cancellationToken)
   at GustoWaiter.Views.DashboardPage.ReceiveWaiterEventsAsync(CancellationToken ct) in C:\Users\Adithya\Desktop\demo1\pos_1st_cut\gusto_pos\GustoWaiter\Views\DashboardPage.xaml.cs:line 60
Inner: No connection could be made because the target machine actively refused it. (192.168.1.6:8000)
---
[2026-07-14 18:10:47] DashboardPage.ReceiveWaiterEventsAsync
Type: System.Net.WebSockets.WebSocketException
Message: Unable to connect to the remote server
Stack:    at System.Net.WebSockets.WebSocketHandle.ConnectAsync(Uri uri, HttpMessageInvoker invoker, CancellationToken cancellationToken, ClientWebSocketOptions options)
   at System.Net.WebSockets.ClientWebSocket.ConnectAsyncCore(Uri uri, HttpMessageInvoker invoker, CancellationToken cancellationToken)
   at GustoWaiter.Views.DashboardPage.ReceiveWaiterEventsAsync(CancellationToken ct) in C:\Users\Adithya\Desktop\demo1\pos_1st_cut\gusto_pos\GustoWaiter\Views\DashboardPage.xaml.cs:line 60
Inner: No connection could be made because the target machine actively refused it. (192.168.1.6:8000)
---
[2026-07-14 18:10:49] DashboardPage.ReceiveWaiterEventsAsync
Type: System.Net.WebSockets.WebSocketException
Message: Unable to connect to the remote server
Stack:    at System.Net.WebSockets.WebSocketHandle.ConnectAsync(Uri uri, HttpMessageInvoker invoker, CancellationToken cancellationToken, ClientWebSocketOptions options)
   at System.Net.WebSockets.ClientWebSocket.ConnectAsyncCore(Uri uri, HttpMessageInvoker invoker, CancellationToken cancellationToken)
   at GustoWaiter.Views.DashboardPage.ReceiveWaiterEventsAsync(CancellationToken ct) in C:\Users\Adithya\Desktop\demo1\pos_1st_cut\gusto_pos\GustoWaiter\Views\DashboardPage.xaml.cs:line 60
Inner: No connection could be made because the target machine actively refused it. (192.168.1.6:8000)
---
[2026-07-14 18:10:54] DashboardPage.ReceiveWaiterEventsAsync
Type: System.Net.WebSockets.WebSocketException
Message: Unable to connect to the remote server
Stack:    at System.Net.WebSockets.WebSocketHandle.ConnectAsync(Uri uri, HttpMessageInvoker invoker, CancellationToken cancellationToken, ClientWebSocketOptions options)
   at System.Net.WebSockets.ClientWebSocket.ConnectAsyncCore(Uri uri, HttpMessageInvoker invoker, CancellationToken cancellationToken)
   at GustoWaiter.Views.DashboardPage.ReceiveWaiterEventsAsync(CancellationToken ct) in C:\Users\Adithya\Desktop\demo1\pos_1st_cut\gusto_pos\GustoWaiter\Views\DashboardPage.xaml.cs:line 60
Inner: No connection could be made because the target machine actively refused it. (192.168.1.6:8000)
---
[2026-07-14 18:10:57] DashboardPage.ReceiveWaiterEventsAsync
Type: System.Net.WebSockets.WebSocketException
Message: Unable to connect to the remote server
Stack:    at System.Net.WebSockets.WebSocketHandle.ConnectAsync(Uri uri, HttpMessageInvoker invoker, CancellationToken cancellationToken, ClientWebSocketOptions options)
   at System.Net.WebSockets.ClientWebSocket.ConnectAsyncCore(Uri uri, HttpMessageInvoker invoker, CancellationToken cancellationToken)
   at GustoWaiter.Views.DashboardPage.ReceiveWaiterEventsAsync(CancellationToken ct) in C:\Users\Adithya\Desktop\demo1\pos_1st_cut\gusto_pos\GustoWaiter\Views\DashboardPage.xaml.cs:line 60
Inner: No connection could be made because the target machine actively refused it. (192.168.1.6:8000)
---
[2026-07-14 18:11:02] DashboardPage.ReceiveWaiterEventsAsync
Type: System.Net.WebSockets.WebSocketException
Message: Unable to connect to the remote server
Stack:    at System.Net.WebSockets.WebSocketHandle.ConnectAsync(Uri uri, HttpMessageInvoker invoker, CancellationToken cancellationToken, ClientWebSocketOptions options)
   at System.Net.WebSockets.ClientWebSocket.ConnectAsyncCore(Uri uri, HttpMessageInvoker invoker, CancellationToken cancellationToken)
   at GustoWaiter.Views.DashboardPage.ReceiveWaiterEventsAsync(CancellationToken ct) in C:\Users\Adithya\Desktop\demo1\pos_1st_cut\gusto_pos\GustoWaiter\Views\DashboardPage.xaml.cs:line 60
Inner: No connection could be made because the target machine actively refused it. (192.168.1.6:8000)
---
[2026-07-14 18:11:04] DashboardPage.ReceiveWaiterEventsAsync
Type: System.Net.WebSockets.WebSocketException
Message: Unable to connect to the remote server
Stack:    at System.Net.WebSockets.WebSocketHandle.ConnectAsync(Uri uri, HttpMessageInvoker invoker, CancellationToken cancellationToken, ClientWebSocketOptions options)
   at System.Net.WebSockets.ClientWebSocket.ConnectAsyncCore(Uri uri, HttpMessageInvoker invoker, CancellationToken cancellationToken)
   at GustoWaiter.Views.DashboardPage.ReceiveWaiterEventsAsync(CancellationToken ct) in C:\Users\Adithya\Desktop\demo1\pos_1st_cut\gusto_pos\GustoWaiter\Views\DashboardPage.xaml.cs:line 60
Inner: No connection could be made because the target machine actively refused it. (192.168.1.6:8000)
---
[2026-07-14 18:11:09] DashboardPage.ReceiveWaiterEventsAsync
Type: System.Net.WebSockets.WebSocketException
Message: Unable to connect to the remote server
Stack:    at System.Net.WebSockets.WebSocketHandle.ConnectAsync(Uri uri, HttpMessageInvoker invoker, CancellationToken cancellationToken, ClientWebSocketOptions options)
   at System.Net.WebSockets.ClientWebSocket.ConnectAsyncCore(Uri uri, HttpMessageInvoker invoker, CancellationToken cancellationToken)
   at GustoWaiter.Views.DashboardPage.ReceiveWaiterEventsAsync(CancellationToken ct) in C:\Users\Adithya\Desktop\demo1\pos_1st_cut\gusto_pos\GustoWaiter\Views\DashboardPage.xaml.cs:line 60
Inner: No connection could be made because the target machine actively refused it. (192.168.1.6:8000)
---
[2026-07-14 18:11:12] DashboardPage.ReceiveWaiterEventsAsync
Type: System.Net.WebSockets.WebSocketException
Message: Unable to connect to the remote server
Stack:    at System.Net.WebSockets.WebSocketHandle.ConnectAsync(Uri uri, HttpMessageInvoker invoker, CancellationToken cancellationToken, ClientWebSocketOptions options)
   at System.Net.WebSockets.ClientWebSocket.ConnectAsyncCore(Uri uri, HttpMessageInvoker invoker, CancellationToken cancellationToken)
   at GustoWaiter.Views.DashboardPage.ReceiveWaiterEventsAsync(CancellationToken ct) in C:\Users\Adithya\Desktop\demo1\pos_1st_cut\gusto_pos\GustoWaiter\Views\DashboardPage.xaml.cs:line 60
Inner: No connection could be made because the target machine actively refused it. (192.168.1.6:8000)
---
[2026-07-14 18:11:17] DashboardPage.ReceiveWaiterEventsAsync
Type: System.Net.WebSockets.WebSocketException
Message: Unable to connect to the remote server
Stack:    at System.Net.WebSockets.WebSocketHandle.ConnectAsync(Uri uri, HttpMessageInvoker invoker, CancellationToken cancellationToken, ClientWebSocketOptions options)
   at System.Net.WebSockets.ClientWebSocket.ConnectAsyncCore(Uri uri, HttpMessageInvoker invoker, CancellationToken cancellationToken)
   at GustoWaiter.Views.DashboardPage.ReceiveWaiterEventsAsync(CancellationToken ct) in C:\Users\Adithya\Desktop\demo1\pos_1st_cut\gusto_pos\GustoWaiter\Views\DashboardPage.xaml.cs:line 60
Inner: No connection could be made because the target machine actively refused it. (192.168.1.6:8000)
---
[2026-07-14 18:11:19] DashboardPage.ReceiveWaiterEventsAsync
Type: System.Net.WebSockets.WebSocketException
Message: Unable to connect to the remote server
Stack:    at System.Net.WebSockets.WebSocketHandle.ConnectAsync(Uri uri, HttpMessageInvoker invoker, CancellationToken cancellationToken, ClientWebSocketOptions options)
   at System.Net.WebSockets.ClientWebSocket.ConnectAsyncCore(Uri uri, HttpMessageInvoker invoker, CancellationToken cancellationToken)
   at GustoWaiter.Views.DashboardPage.ReceiveWaiterEventsAsync(CancellationToken ct) in C:\Users\Adithya\Desktop\demo1\pos_1st_cut\gusto_pos\GustoWaiter\Views\DashboardPage.xaml.cs:line 60
Inner: No connection could be made because the target machine actively refused it. (192.168.1.6:8000)
---
[2026-07-14 18:11:24] DashboardPage.ReceiveWaiterEventsAsync
Type: System.Net.WebSockets.WebSocketException
Message: Unable to connect to the remote server
Stack:    at System.Net.WebSockets.WebSocketHandle.ConnectAsync(Uri uri, HttpMessageInvoker invoker, CancellationToken cancellationToken, ClientWebSocketOptions options)
   at System.Net.WebSockets.ClientWebSocket.ConnectAsyncCore(Uri uri, HttpMessageInvoker invoker, CancellationToken cancellationToken)
   at GustoWaiter.Views.DashboardPage.ReceiveWaiterEventsAsync(CancellationToken ct) in C:\Users\Adithya\Desktop\demo1\pos_1st_cut\gusto_pos\GustoWaiter\Views\DashboardPage.xaml.cs:line 60
Inner: No connection could be made because the target machine actively refused it. (192.168.1.6:8000)
---
[2026-07-14 18:11:26] DashboardPage.ReceiveWaiterEventsAsync
Type: System.Net.WebSockets.WebSocketException
Message: Unable to connect to the remote server
Stack:    at System.Net.WebSockets.WebSocketHandle.ConnectAsync(Uri uri, HttpMessageInvoker invoker, CancellationToken cancellationToken, ClientWebSocketOptions options)
   at System.Net.WebSockets.ClientWebSocket.ConnectAsyncCore(Uri uri, HttpMessageInvoker invoker, CancellationToken cancellationToken)
   at GustoWaiter.Views.DashboardPage.ReceiveWaiterEventsAsync(CancellationToken ct) in C:\Users\Adithya\Desktop\demo1\pos_1st_cut\gusto_pos\GustoWaiter\Views\DashboardPage.xaml.cs:line 60
Inner: No connection could be made because the target machine actively refused it. (192.168.1.6:8000)
---
[2026-07-14 18:11:31] DashboardPage.ReceiveWaiterEventsAsync
Type: System.Net.WebSockets.WebSocketException
Message: Unable to connect to the remote server
Stack:    at System.Net.WebSockets.WebSocketHandle.ConnectAsync(Uri uri, HttpMessageInvoker invoker, CancellationToken cancellationToken, ClientWebSocketOptions options)
   at System.Net.WebSockets.ClientWebSocket.ConnectAsyncCore(Uri uri, HttpMessageInvoker invoker, CancellationToken cancellationToken)
   at GustoWaiter.Views.DashboardPage.ReceiveWaiterEventsAsync(CancellationToken ct) in C:\Users\Adithya\Desktop\demo1\pos_1st_cut\gusto_pos\GustoWaiter\Views\DashboardPage.xaml.cs:line 60
Inner: No connection could be made because the target machine actively refused it. (192.168.1.6:8000)
---
[2026-07-14 18:11:33] DashboardPage.ReceiveWaiterEventsAsync
Type: System.Net.WebSockets.WebSocketException
Message: Unable to connect to the remote server
Stack:    at System.Net.WebSockets.WebSocketHandle.ConnectAsync(Uri uri, HttpMessageInvoker invoker, CancellationToken cancellationToken, ClientWebSocketOptions options)
   at System.Net.WebSockets.ClientWebSocket.ConnectAsyncCore(Uri uri, HttpMessageInvoker invoker, CancellationToken cancellationToken)
   at GustoWaiter.Views.DashboardPage.ReceiveWaiterEventsAsync(CancellationToken ct) in C:\Users\Adithya\Desktop\demo1\pos_1st_cut\gusto_pos\GustoWaiter\Views\DashboardPage.xaml.cs:line 60
Inner: No connection could be made because the target machine actively refused it. (192.168.1.6:8000)
---
[2026-07-14 18:11:38] DashboardPage.ReceiveWaiterEventsAsync
Type: System.Net.WebSockets.WebSocketException
Message: Unable to connect to the remote server
Stack:    at System.Net.WebSockets.WebSocketHandle.ConnectAsync(Uri uri, HttpMessageInvoker invoker, CancellationToken cancellationToken, ClientWebSocketOptions options)
   at System.Net.WebSockets.ClientWebSocket.ConnectAsyncCore(Uri uri, HttpMessageInvoker invoker, CancellationToken cancellationToken)
   at GustoWaiter.Views.DashboardPage.ReceiveWaiterEventsAsync(CancellationToken ct) in C:\Users\Adithya\Desktop\demo1\pos_1st_cut\gusto_pos\GustoWaiter\Views\DashboardPage.xaml.cs:line 60
Inner: No connection could be made because the target machine actively refused it. (192.168.1.6:8000)
---
[2026-07-14 18:11:41] DashboardPage.ReceiveWaiterEventsAsync
Type: System.Net.WebSockets.WebSocketException
Message: Unable to connect to the remote server
Stack:    at System.Net.WebSockets.WebSocketHandle.ConnectAsync(Uri uri, HttpMessageInvoker invoker, CancellationToken cancellationToken, ClientWebSocketOptions options)
   at System.Net.WebSockets.ClientWebSocket.ConnectAsyncCore(Uri uri, HttpMessageInvoker invoker, CancellationToken cancellationToken)
   at GustoWaiter.Views.DashboardPage.ReceiveWaiterEventsAsync(CancellationToken ct) in C:\Users\Adithya\Desktop\demo1\pos_1st_cut\gusto_pos\GustoWaiter\Views\DashboardPage.xaml.cs:line 60
Inner: No connection could be made because the target machine actively refused it. (192.168.1.6:8000)
---
[2026-07-14 18:11:46] DashboardPage.ReceiveWaiterEventsAsync
Type: System.Net.WebSockets.WebSocketException
Message: Unable to connect to the remote server
Stack:    at System.Net.WebSockets.WebSocketHandle.ConnectAsync(Uri uri, HttpMessageInvoker invoker, CancellationToken cancellationToken, ClientWebSocketOptions options)
   at System.Net.WebSockets.ClientWebSocket.ConnectAsyncCore(Uri uri, HttpMessageInvoker invoker, CancellationToken cancellationToken)
   at GustoWaiter.Views.DashboardPage.ReceiveWaiterEventsAsync(CancellationToken ct) in C:\Users\Adithya\Desktop\demo1\pos_1st_cut\gusto_pos\GustoWaiter\Views\DashboardPage.xaml.cs:line 60
Inner: No connection could be made because the target machine actively refused it. (192.168.1.6:8000)
---
[2026-07-14 18:11:48] DashboardPage.ReceiveWaiterEventsAsync
Type: System.Net.WebSockets.WebSocketException
Message: Unable to connect to the remote server
Stack:    at System.Net.WebSockets.WebSocketHandle.ConnectAsync(Uri uri, HttpMessageInvoker invoker, CancellationToken cancellationToken, ClientWebSocketOptions options)
   at System.Net.WebSockets.ClientWebSocket.ConnectAsyncCore(Uri uri, HttpMessageInvoker invoker, CancellationToken cancellationToken)
   at GustoWaiter.Views.DashboardPage.ReceiveWaiterEventsAsync(CancellationToken ct) in C:\Users\Adithya\Desktop\demo1\pos_1st_cut\gusto_pos\GustoWaiter\Views\DashboardPage.xaml.cs:line 60
Inner: No connection could be made because the target machine actively refused it. (192.168.1.6:8000)
---
[2026-07-14 18:11:53] DashboardPage.ReceiveWaiterEventsAsync
Type: System.Net.WebSockets.WebSocketException
Message: Unable to connect to the remote server
Stack:    at System.Net.WebSockets.WebSocketHandle.ConnectAsync(Uri uri, HttpMessageInvoker invoker, CancellationToken cancellationToken, ClientWebSocketOptions options)
   at System.Net.WebSockets.ClientWebSocket.ConnectAsyncCore(Uri uri, HttpMessageInvoker invoker, CancellationToken cancellationToken)
   at GustoWaiter.Views.DashboardPage.ReceiveWaiterEventsAsync(CancellationToken ct) in C:\Users\Adithya\Desktop\demo1\pos_1st_cut\gusto_pos\GustoWaiter\Views\DashboardPage.xaml.cs:line 60
Inner: No connection could be made because the target machine actively refused it. (192.168.1.6:8000)
---
[2026-07-14 18:11:55] DashboardPage.ReceiveWaiterEventsAsync
Type: System.Net.WebSockets.WebSocketException
Message: Unable to connect to the remote server
Stack:    at System.Net.WebSockets.WebSocketHandle.ConnectAsync(Uri uri, HttpMessageInvoker invoker, CancellationToken cancellationToken, ClientWebSocketOptions options)
   at System.Net.WebSockets.ClientWebSocket.ConnectAsyncCore(Uri uri, HttpMessageInvoker invoker, CancellationToken cancellationToken)
   at GustoWaiter.Views.DashboardPage.ReceiveWaiterEventsAsync(CancellationToken ct) in C:\Users\Adithya\Desktop\demo1\pos_1st_cut\gusto_pos\GustoWaiter\Views\DashboardPage.xaml.cs:line 60
Inner: No connection could be made because the target machine actively refused it. (192.168.1.6:8000)
---
[2026-07-14 18:12:00] DashboardPage.ReceiveWaiterEventsAsync
Type: System.Net.WebSockets.WebSocketException
Message: Unable to connect to the remote server
Stack:    at System.Net.WebSockets.WebSocketHandle.ConnectAsync(Uri uri, HttpMessageInvoker invoker, CancellationToken cancellationToken, ClientWebSocketOptions options)
   at System.Net.WebSockets.ClientWebSocket.ConnectAsyncCore(Uri uri, HttpMessageInvoker invoker, CancellationToken cancellationToken)
   at GustoWaiter.Views.DashboardPage.ReceiveWaiterEventsAsync(CancellationToken ct) in C:\Users\Adithya\Desktop\demo1\pos_1st_cut\gusto_pos\GustoWaiter\Views\DashboardPage.xaml.cs:line 60
Inner: No connection could be made because the target machine actively refused it. (192.168.1.6:8000)
---
[2026-07-14 18:12:03] DashboardPage.ReceiveWaiterEventsAsync
Type: System.Net.WebSockets.WebSocketException
Message: Unable to connect to the remote server
Stack:    at System.Net.WebSockets.WebSocketHandle.ConnectAsync(Uri uri, HttpMessageInvoker invoker, CancellationToken cancellationToken, ClientWebSocketOptions options)
   at System.Net.WebSockets.ClientWebSocket.ConnectAsyncCore(Uri uri, HttpMessageInvoker invoker, CancellationToken cancellationToken)
   at GustoWaiter.Views.DashboardPage.ReceiveWaiterEventsAsync(CancellationToken ct) in C:\Users\Adithya\Desktop\demo1\pos_1st_cut\gusto_pos\GustoWaiter\Views\DashboardPage.xaml.cs:line 60
Inner: No connection could be made because the target machine actively refused it. (192.168.1.6:8000)
---
[2026-07-14 18:12:08] DashboardPage.ReceiveWaiterEventsAsync
Type: System.Net.WebSockets.WebSocketException
Message: Unable to connect to the remote server
Stack:    at System.Net.WebSockets.WebSocketHandle.ConnectAsync(Uri uri, HttpMessageInvoker invoker, CancellationToken cancellationToken, ClientWebSocketOptions options)
   at System.Net.WebSockets.ClientWebSocket.ConnectAsyncCore(Uri uri, HttpMessageInvoker invoker, CancellationToken cancellationToken)
   at GustoWaiter.Views.DashboardPage.ReceiveWaiterEventsAsync(CancellationToken ct) in C:\Users\Adithya\Desktop\demo1\pos_1st_cut\gusto_pos\GustoWaiter\Views\DashboardPage.xaml.cs:line 60
Inner: No connection could be made because the target machine actively refused it. (192.168.1.6:8000)
---
[2026-07-14 18:12:10] DashboardPage.ReceiveWaiterEventsAsync
Type: System.Net.WebSockets.WebSocketException
Message: Unable to connect to the remote server
Stack:    at System.Net.WebSockets.WebSocketHandle.ConnectAsync(Uri uri, HttpMessageInvoker invoker, CancellationToken cancellationToken, ClientWebSocketOptions options)
   at System.Net.WebSockets.ClientWebSocket.ConnectAsyncCore(Uri uri, HttpMessageInvoker invoker, CancellationToken cancellationToken)
   at GustoWaiter.Views.DashboardPage.ReceiveWaiterEventsAsync(CancellationToken ct) in C:\Users\Adithya\Desktop\demo1\pos_1st_cut\gusto_pos\GustoWaiter\Views\DashboardPage.xaml.cs:line 60
Inner: No connection could be made because the target machine actively refused it. (192.168.1.6:8000)
---
[2026-07-14 18:12:15] DashboardPage.ReceiveWaiterEventsAsync
Type: System.Net.WebSockets.WebSocketException
Message: Unable to connect to the remote server
Stack:    at System.Net.WebSockets.WebSocketHandle.ConnectAsync(Uri uri, HttpMessageInvoker invoker, CancellationToken cancellationToken, ClientWebSocketOptions options)
   at System.Net.WebSockets.ClientWebSocket.ConnectAsyncCore(Uri uri, HttpMessageInvoker invoker, CancellationToken cancellationToken)
   at GustoWaiter.Views.DashboardPage.ReceiveWaiterEventsAsync(CancellationToken ct) in C:\Users\Adithya\Desktop\demo1\pos_1st_cut\gusto_pos\GustoWaiter\Views\DashboardPage.xaml.cs:line 60
Inner: No connection could be made because the target machine actively refused it. (192.168.1.6:8000)
---
[2026-07-14 18:12:17] DashboardPage.ReceiveWaiterEventsAsync
Type: System.Net.WebSockets.WebSocketException
Message: Unable to connect to the remote server
Stack:    at System.Net.WebSockets.WebSocketHandle.ConnectAsync(Uri uri, HttpMessageInvoker invoker, CancellationToken cancellationToken, ClientWebSocketOptions options)
   at System.Net.WebSockets.ClientWebSocket.ConnectAsyncCore(Uri uri, HttpMessageInvoker invoker, CancellationToken cancellationToken)
   at GustoWaiter.Views.DashboardPage.ReceiveWaiterEventsAsync(CancellationToken ct) in C:\Users\Adithya\Desktop\demo1\pos_1st_cut\gusto_pos\GustoWaiter\Views\DashboardPage.xaml.cs:line 60
Inner: No connection could be made because the target machine actively refused it. (192.168.1.6:8000)
---
[2026-07-14 18:12:22] DashboardPage.ReceiveWaiterEventsAsync
Type: System.Net.WebSockets.WebSocketException
Message: Unable to connect to the remote server
Stack:    at System.Net.WebSockets.WebSocketHandle.ConnectAsync(Uri uri, HttpMessageInvoker invoker, CancellationToken cancellationToken, ClientWebSocketOptions options)
   at System.Net.WebSockets.ClientWebSocket.ConnectAsyncCore(Uri uri, HttpMessageInvoker invoker, CancellationToken cancellationToken)
   at GustoWaiter.Views.DashboardPage.ReceiveWaiterEventsAsync(CancellationToken ct) in C:\Users\Adithya\Desktop\demo1\pos_1st_cut\gusto_pos\GustoWaiter\Views\DashboardPage.xaml.cs:line 60
Inner: No connection could be made because the target machine actively refused it. (192.168.1.6:8000)
---
[2026-07-14 18:12:25] DashboardPage.ReceiveWaiterEventsAsync
Type: System.Net.WebSockets.WebSocketException
Message: Unable to connect to the remote server
Stack:    at System.Net.WebSockets.WebSocketHandle.ConnectAsync(Uri uri, HttpMessageInvoker invoker, CancellationToken cancellationToken, ClientWebSocketOptions options)
   at System.Net.WebSockets.ClientWebSocket.ConnectAsyncCore(Uri uri, HttpMessageInvoker invoker, CancellationToken cancellationToken)
   at GustoWaiter.Views.DashboardPage.ReceiveWaiterEventsAsync(CancellationToken ct) in C:\Users\Adithya\Desktop\demo1\pos_1st_cut\gusto_pos\GustoWaiter\Views\DashboardPage.xaml.cs:line 60
Inner: No connection could be made because the target machine actively refused it. (192.168.1.6:8000)
---
[2026-07-14 18:12:30] DashboardPage.ReceiveWaiterEventsAsync
Type: System.Net.WebSockets.WebSocketException
Message: Unable to connect to the remote server
Stack:    at System.Net.WebSockets.WebSocketHandle.ConnectAsync(Uri uri, HttpMessageInvoker invoker, CancellationToken cancellationToken, ClientWebSocketOptions options)
   at System.Net.WebSockets.ClientWebSocket.ConnectAsyncCore(Uri uri, HttpMessageInvoker invoker, CancellationToken cancellationToken)
   at GustoWaiter.Views.DashboardPage.ReceiveWaiterEventsAsync(CancellationToken ct) in C:\Users\Adithya\Desktop\demo1\pos_1st_cut\gusto_pos\GustoWaiter\Views\DashboardPage.xaml.cs:line 60
Inner: No connection could be made because the target machine actively refused it. (192.168.1.6:8000)
---
[2026-07-14 18:12:32] DashboardPage.ReceiveWaiterEventsAsync
Type: System.Net.WebSockets.WebSocketException
Message: Unable to connect to the remote server
Stack:    at System.Net.WebSockets.WebSocketHandle.ConnectAsync(Uri uri, HttpMessageInvoker invoker, CancellationToken cancellationToken, ClientWebSocketOptions options)
   at System.Net.WebSockets.ClientWebSocket.ConnectAsyncCore(Uri uri, HttpMessageInvoker invoker, CancellationToken cancellationToken)
   at GustoWaiter.Views.DashboardPage.ReceiveWaiterEventsAsync(CancellationToken ct) in C:\Users\Adithya\Desktop\demo1\pos_1st_cut\gusto_pos\GustoWaiter\Views\DashboardPage.xaml.cs:line 60
Inner: No connection could be made because the target machine actively refused it. (192.168.1.6:8000)
---
[2026-07-14 18:12:37] DashboardPage.ReceiveWaiterEventsAsync
Type: System.Net.WebSockets.WebSocketException
Message: Unable to connect to the remote server
Stack:    at System.Net.WebSockets.WebSocketHandle.ConnectAsync(Uri uri, HttpMessageInvoker invoker, CancellationToken cancellationToken, ClientWebSocketOptions options)
   at System.Net.WebSockets.ClientWebSocket.ConnectAsyncCore(Uri uri, HttpMessageInvoker invoker, CancellationToken cancellationToken)
   at GustoWaiter.Views.DashboardPage.ReceiveWaiterEventsAsync(CancellationToken ct) in C:\Users\Adithya\Desktop\demo1\pos_1st_cut\gusto_pos\GustoWaiter\Views\DashboardPage.xaml.cs:line 60
Inner: No connection could be made because the target machine actively refused it. (192.168.1.6:8000)
---
[2026-07-14 18:12:39] DashboardPage.ReceiveWaiterEventsAsync
Type: System.Net.WebSockets.WebSocketException
Message: Unable to connect to the remote server
Stack:    at System.Net.WebSockets.WebSocketHandle.ConnectAsync(Uri uri, HttpMessageInvoker invoker, CancellationToken cancellationToken, ClientWebSocketOptions options)
   at System.Net.WebSockets.ClientWebSocket.ConnectAsyncCore(Uri uri, HttpMessageInvoker invoker, CancellationToken cancellationToken)
   at GustoWaiter.Views.DashboardPage.ReceiveWaiterEventsAsync(CancellationToken ct) in C:\Users\Adithya\Desktop\demo1\pos_1st_cut\gusto_pos\GustoWaiter\Views\DashboardPage.xaml.cs:line 60
Inner: No connection could be made because the target machine actively refused it. (192.168.1.6:8000)
---
[2026-07-14 18:12:44] DashboardPage.ReceiveWaiterEventsAsync
Type: System.Net.WebSockets.WebSocketException
Message: Unable to connect to the remote server
Stack:    at System.Net.WebSockets.WebSocketHandle.ConnectAsync(Uri uri, HttpMessageInvoker invoker, CancellationToken cancellationToken, ClientWebSocketOptions options)
   at System.Net.WebSockets.ClientWebSocket.ConnectAsyncCore(Uri uri, HttpMessageInvoker invoker, CancellationToken cancellationToken)
   at GustoWaiter.Views.DashboardPage.ReceiveWaiterEventsAsync(CancellationToken ct) in C:\Users\Adithya\Desktop\demo1\pos_1st_cut\gusto_pos\GustoWaiter\Views\DashboardPage.xaml.cs:line 60
Inner: No connection could be made because the target machine actively refused it. (192.168.1.6:8000)
---
[2026-07-14 18:12:47] DashboardPage.ReceiveWaiterEventsAsync
Type: System.Net.WebSockets.WebSocketException
Message: Unable to connect to the remote server
Stack:    at System.Net.WebSockets.WebSocketHandle.ConnectAsync(Uri uri, HttpMessageInvoker invoker, CancellationToken cancellationToken, ClientWebSocketOptions options)
   at System.Net.WebSockets.ClientWebSocket.ConnectAsyncCore(Uri uri, HttpMessageInvoker invoker, CancellationToken cancellationToken)
   at GustoWaiter.Views.DashboardPage.ReceiveWaiterEventsAsync(CancellationToken ct) in C:\Users\Adithya\Desktop\demo1\pos_1st_cut\gusto_pos\GustoWaiter\Views\DashboardPage.xaml.cs:line 60
Inner: No connection could be made because the target machine actively refused it. (192.168.1.6:8000)
---
[2026-07-14 18:12:52] DashboardPage.ReceiveWaiterEventsAsync
Type: System.Net.WebSockets.WebSocketException
Message: Unable to connect to the remote server
Stack:    at System.Net.WebSockets.WebSocketHandle.ConnectAsync(Uri uri, HttpMessageInvoker invoker, CancellationToken cancellationToken, ClientWebSocketOptions options)
   at System.Net.WebSockets.ClientWebSocket.ConnectAsyncCore(Uri uri, HttpMessageInvoker invoker, CancellationToken cancellationToken)
   at GustoWaiter.Views.DashboardPage.ReceiveWaiterEventsAsync(CancellationToken ct) in C:\Users\Adithya\Desktop\demo1\pos_1st_cut\gusto_pos\GustoWaiter\Views\DashboardPage.xaml.cs:line 60
Inner: No connection could be made because the target machine actively refused it. (192.168.1.6:8000)
---
[2026-07-14 18:12:54] DashboardPage.ReceiveWaiterEventsAsync
Type: System.Net.WebSockets.WebSocketException
Message: Unable to connect to the remote server
Stack:    at System.Net.WebSockets.WebSocketHandle.ConnectAsync(Uri uri, HttpMessageInvoker invoker, CancellationToken cancellationToken, ClientWebSocketOptions options)
   at System.Net.WebSockets.ClientWebSocket.ConnectAsyncCore(Uri uri, HttpMessageInvoker invoker, CancellationToken cancellationToken)
   at GustoWaiter.Views.DashboardPage.ReceiveWaiterEventsAsync(CancellationToken ct) in C:\Users\Adithya\Desktop\demo1\pos_1st_cut\gusto_pos\GustoWaiter\Views\DashboardPage.xaml.cs:line 60
Inner: No connection could be made because the target machine actively refused it. (192.168.1.6:8000)
---
[2026-07-14 18:12:59] DashboardPage.ReceiveWaiterEventsAsync
Type: System.Net.WebSockets.WebSocketException
Message: Unable to connect to the remote server
Stack:    at System.Net.WebSockets.WebSocketHandle.ConnectAsync(Uri uri, HttpMessageInvoker invoker, CancellationToken cancellationToken, ClientWebSocketOptions options)
   at System.Net.WebSockets.ClientWebSocket.ConnectAsyncCore(Uri uri, HttpMessageInvoker invoker, CancellationToken cancellationToken)
   at GustoWaiter.Views.DashboardPage.ReceiveWaiterEventsAsync(CancellationToken ct) in C:\Users\Adithya\Desktop\demo1\pos_1st_cut\gusto_pos\GustoWaiter\Views\DashboardPage.xaml.cs:line 60
Inner: No connection could be made because the target machine actively refused it. (192.168.1.6:8000)
---
[2026-07-14 18:13:01] DashboardPage.ReceiveWaiterEventsAsync
Type: System.Net.WebSockets.WebSocketException
Message: Unable to connect to the remote server
Stack:    at System.Net.WebSockets.WebSocketHandle.ConnectAsync(Uri uri, HttpMessageInvoker invoker, CancellationToken cancellationToken, ClientWebSocketOptions options)
   at System.Net.WebSockets.ClientWebSocket.ConnectAsyncCore(Uri uri, HttpMessageInvoker invoker, CancellationToken cancellationToken)
   at GustoWaiter.Views.DashboardPage.ReceiveWaiterEventsAsync(CancellationToken ct) in C:\Users\Adithya\Desktop\demo1\pos_1st_cut\gusto_pos\GustoWaiter\Views\DashboardPage.xaml.cs:line 60
Inner: No connection could be made because the target machine actively refused it. (192.168.1.6:8000)
---
[2026-07-14 18:13:06] DashboardPage.ReceiveWaiterEventsAsync
Type: System.Net.WebSockets.WebSocketException
Message: Unable to connect to the remote server
Stack:    at System.Net.WebSockets.WebSocketHandle.ConnectAsync(Uri uri, HttpMessageInvoker invoker, CancellationToken cancellationToken, ClientWebSocketOptions options)
   at System.Net.WebSockets.ClientWebSocket.ConnectAsyncCore(Uri uri, HttpMessageInvoker invoker, CancellationToken cancellationToken)
   at GustoWaiter.Views.DashboardPage.ReceiveWaiterEventsAsync(CancellationToken ct) in C:\Users\Adithya\Desktop\demo1\pos_1st_cut\gusto_pos\GustoWaiter\Views\DashboardPage.xaml.cs:line 60
Inner: No connection could be made because the target machine actively refused it. (192.168.1.6:8000)
---
[2026-07-14 18:13:09] DashboardPage.ReceiveWaiterEventsAsync
Type: System.Net.WebSockets.WebSocketException
Message: Unable to connect to the remote server
Stack:    at System.Net.WebSockets.WebSocketHandle.ConnectAsync(Uri uri, HttpMessageInvoker invoker, CancellationToken cancellationToken, ClientWebSocketOptions options)
   at System.Net.WebSockets.ClientWebSocket.ConnectAsyncCore(Uri uri, HttpMessageInvoker invoker, CancellationToken cancellationToken)
   at GustoWaiter.Views.DashboardPage.ReceiveWaiterEventsAsync(CancellationToken ct) in C:\Users\Adithya\Desktop\demo1\pos_1st_cut\gusto_pos\GustoWaiter\Views\DashboardPage.xaml.cs:line 60
Inner: No connection could be made because the target machine actively refused it. (192.168.1.6:8000)
---
[2026-07-14 18:13:14] DashboardPage.ReceiveWaiterEventsAsync
Type: System.Net.WebSockets.WebSocketException
Message: Unable to connect to the remote server
Stack:    at System.Net.WebSockets.WebSocketHandle.ConnectAsync(Uri uri, HttpMessageInvoker invoker, CancellationToken cancellationToken, ClientWebSocketOptions options)
   at System.Net.WebSockets.ClientWebSocket.ConnectAsyncCore(Uri uri, HttpMessageInvoker invoker, CancellationToken cancellationToken)
   at GustoWaiter.Views.DashboardPage.ReceiveWaiterEventsAsync(CancellationToken ct) in C:\Users\Adithya\Desktop\demo1\pos_1st_cut\gusto_pos\GustoWaiter\Views\DashboardPage.xaml.cs:line 60
Inner: No connection could be made because the target machine actively refused it. (192.168.1.6:8000)
---
[2026-07-14 18:13:16] DashboardPage.ReceiveWaiterEventsAsync
Type: System.Net.WebSockets.WebSocketException
Message: Unable to connect to the remote server
Stack:    at System.Net.WebSockets.WebSocketHandle.ConnectAsync(Uri uri, HttpMessageInvoker invoker, CancellationToken cancellationToken, ClientWebSocketOptions options)
   at System.Net.WebSockets.ClientWebSocket.ConnectAsyncCore(Uri uri, HttpMessageInvoker invoker, CancellationToken cancellationToken)
   at GustoWaiter.Views.DashboardPage.ReceiveWaiterEventsAsync(CancellationToken ct) in C:\Users\Adithya\Desktop\demo1\pos_1st_cut\gusto_pos\GustoWaiter\Views\DashboardPage.xaml.cs:line 60
Inner: No connection could be made because the target machine actively refused it. (192.168.1.6:8000)
---
[2026-07-14 18:13:21] DashboardPage.ReceiveWaiterEventsAsync
Type: System.Net.WebSockets.WebSocketException
Message: Unable to connect to the remote server
Stack:    at System.Net.WebSockets.WebSocketHandle.ConnectAsync(Uri uri, HttpMessageInvoker invoker, CancellationToken cancellationToken, ClientWebSocketOptions options)
   at System.Net.WebSockets.ClientWebSocket.ConnectAsyncCore(Uri uri, HttpMessageInvoker invoker, CancellationToken cancellationToken)
   at GustoWaiter.Views.DashboardPage.ReceiveWaiterEventsAsync(CancellationToken ct) in C:\Users\Adithya\Desktop\demo1\pos_1st_cut\gusto_pos\GustoWaiter\Views\DashboardPage.xaml.cs:line 60
Inner: No connection could be made because the target machine actively refused it. (192.168.1.6:8000)
---
[2026-07-14 18:13:24] DashboardPage.ReceiveWaiterEventsAsync
Type: System.Net.WebSockets.WebSocketException
Message: Unable to connect to the remote server
Stack:    at System.Net.WebSockets.WebSocketHandle.ConnectAsync(Uri uri, HttpMessageInvoker invoker, CancellationToken cancellationToken, ClientWebSocketOptions options)
   at System.Net.WebSockets.ClientWebSocket.ConnectAsyncCore(Uri uri, HttpMessageInvoker invoker, CancellationToken cancellationToken)
   at GustoWaiter.Views.DashboardPage.ReceiveWaiterEventsAsync(CancellationToken ct) in C:\Users\Adithya\Desktop\demo1\pos_1st_cut\gusto_pos\GustoWaiter\Views\DashboardPage.xaml.cs:line 60
Inner: No connection could be made because the target machine actively refused it. (192.168.1.6:8000)
---
[2026-07-14 18:13:28] DashboardPage.ReceiveWaiterEventsAsync
Type: System.Net.WebSockets.WebSocketException
Message: Unable to connect to the remote server
Stack:    at System.Net.WebSockets.WebSocketHandle.ConnectAsync(Uri uri, HttpMessageInvoker invoker, CancellationToken cancellationToken, ClientWebSocketOptions options)
   at System.Net.WebSockets.ClientWebSocket.ConnectAsyncCore(Uri uri, HttpMessageInvoker invoker, CancellationToken cancellationToken)
   at GustoWaiter.Views.DashboardPage.ReceiveWaiterEventsAsync(CancellationToken ct) in C:\Users\Adithya\Desktop\demo1\pos_1st_cut\gusto_pos\GustoWaiter\Views\DashboardPage.xaml.cs:line 60
Inner: No connection could be made because the target machine actively refused it. (192.168.1.6:8000)
---
[2026-07-14 18:13:31] DashboardPage.ReceiveWaiterEventsAsync
Type: System.Net.WebSockets.WebSocketException
Message: Unable to connect to the remote server
Stack:    at System.Net.WebSockets.WebSocketHandle.ConnectAsync(Uri uri, HttpMessageInvoker invoker, CancellationToken cancellationToken, ClientWebSocketOptions options)
   at System.Net.WebSockets.ClientWebSocket.ConnectAsyncCore(Uri uri, HttpMessageInvoker invoker, CancellationToken cancellationToken)
   at GustoWaiter.Views.DashboardPage.ReceiveWaiterEventsAsync(CancellationToken ct) in C:\Users\Adithya\Desktop\demo1\pos_1st_cut\gusto_pos\GustoWaiter\Views\DashboardPage.xaml.cs:line 60
Inner: No connection could be made because the target machine actively refused it. (192.168.1.6:8000)
---
[2026-07-14 18:13:36] DashboardPage.ReceiveWaiterEventsAsync
Type: System.Net.WebSockets.WebSocketException
Message: Unable to connect to the remote server
Stack:    at System.Net.WebSockets.WebSocketHandle.ConnectAsync(Uri uri, HttpMessageInvoker invoker, CancellationToken cancellationToken, ClientWebSocketOptions options)
   at System.Net.WebSockets.ClientWebSocket.ConnectAsyncCore(Uri uri, HttpMessageInvoker invoker, CancellationToken cancellationToken)
   at GustoWaiter.Views.DashboardPage.ReceiveWaiterEventsAsync(CancellationToken ct) in C:\Users\Adithya\Desktop\demo1\pos_1st_cut\gusto_pos\GustoWaiter\Views\DashboardPage.xaml.cs:line 60
Inner: No connection could be made because the target machine actively refused it. (192.168.1.6:8000)
---
[2026-07-14 18:13:38] DashboardPage.ReceiveWaiterEventsAsync
Type: System.Net.WebSockets.WebSocketException
Message: Unable to connect to the remote server
Stack:    at System.Net.WebSockets.WebSocketHandle.ConnectAsync(Uri uri, HttpMessageInvoker invoker, CancellationToken cancellationToken, ClientWebSocketOptions options)
   at System.Net.WebSockets.ClientWebSocket.ConnectAsyncCore(Uri uri, HttpMessageInvoker invoker, CancellationToken cancellationToken)
   at GustoWaiter.Views.DashboardPage.ReceiveWaiterEventsAsync(CancellationToken ct) in C:\Users\Adithya\Desktop\demo1\pos_1st_cut\gusto_pos\GustoWaiter\Views\DashboardPage.xaml.cs:line 60
Inner: No connection could be made because the target machine actively refused it. (192.168.1.6:8000)
---
[2026-07-14 18:13:43] DashboardPage.ReceiveWaiterEventsAsync
Type: System.Net.WebSockets.WebSocketException
Message: Unable to connect to the remote server
Stack:    at System.Net.WebSockets.WebSocketHandle.ConnectAsync(Uri uri, HttpMessageInvoker invoker, CancellationToken cancellationToken, ClientWebSocketOptions options)
   at System.Net.WebSockets.ClientWebSocket.ConnectAsyncCore(Uri uri, HttpMessageInvoker invoker, CancellationToken cancellationToken)
   at GustoWaiter.Views.DashboardPage.ReceiveWaiterEventsAsync(CancellationToken ct) in C:\Users\Adithya\Desktop\demo1\pos_1st_cut\gusto_pos\GustoWaiter\Views\DashboardPage.xaml.cs:line 60
Inner: No connection could be made because the target machine actively refused it. (192.168.1.6:8000)
---
[2026-07-14 18:13:46] DashboardPage.ReceiveWaiterEventsAsync
Type: System.Net.WebSockets.WebSocketException
Message: Unable to connect to the remote server
Stack:    at System.Net.WebSockets.WebSocketHandle.ConnectAsync(Uri uri, HttpMessageInvoker invoker, CancellationToken cancellationToken, ClientWebSocketOptions options)
   at System.Net.WebSockets.ClientWebSocket.ConnectAsyncCore(Uri uri, HttpMessageInvoker invoker, CancellationToken cancellationToken)
   at GustoWaiter.Views.DashboardPage.ReceiveWaiterEventsAsync(CancellationToken ct) in C:\Users\Adithya\Desktop\demo1\pos_1st_cut\gusto_pos\GustoWaiter\Views\DashboardPage.xaml.cs:line 60
Inner: No connection could be made because the target machine actively refused it. (192.168.1.6:8000)
---
[2026-07-14 18:13:50] DashboardPage.ReceiveWaiterEventsAsync
Type: System.Net.WebSockets.WebSocketException
Message: Unable to connect to the remote server
Stack:    at System.Net.WebSockets.WebSocketHandle.ConnectAsync(Uri uri, HttpMessageInvoker invoker, CancellationToken cancellationToken, ClientWebSocketOptions options)
   at System.Net.WebSockets.ClientWebSocket.ConnectAsyncCore(Uri uri, HttpMessageInvoker invoker, CancellationToken cancellationToken)
   at GustoWaiter.Views.DashboardPage.ReceiveWaiterEventsAsync(CancellationToken ct) in C:\Users\Adithya\Desktop\demo1\pos_1st_cut\gusto_pos\GustoWaiter\Views\DashboardPage.xaml.cs:line 60
Inner: No connection could be made because the target machine actively refused it. (192.168.1.6:8000)
---
[2026-07-14 18:13:53] DashboardPage.ReceiveWaiterEventsAsync
Type: System.Net.WebSockets.WebSocketException
Message: Unable to connect to the remote server
Stack:    at System.Net.WebSockets.WebSocketHandle.ConnectAsync(Uri uri, HttpMessageInvoker invoker, CancellationToken cancellationToken, ClientWebSocketOptions options)
   at System.Net.WebSockets.ClientWebSocket.ConnectAsyncCore(Uri uri, HttpMessageInvoker invoker, CancellationToken cancellationToken)
   at GustoWaiter.Views.DashboardPage.ReceiveWaiterEventsAsync(CancellationToken ct) in C:\Users\Adithya\Desktop\demo1\pos_1st_cut\gusto_pos\GustoWaiter\Views\DashboardPage.xaml.cs:line 60
Inner: No connection could be made because the target machine actively refused it. (192.168.1.6:8000)
---
[2026-07-14 18:13:58] DashboardPage.ReceiveWaiterEventsAsync
Type: System.Net.WebSockets.WebSocketException
Message: Unable to connect to the remote server
Stack:    at System.Net.WebSockets.WebSocketHandle.ConnectAsync(Uri uri, HttpMessageInvoker invoker, CancellationToken cancellationToken, ClientWebSocketOptions options)
   at System.Net.WebSockets.ClientWebSocket.ConnectAsyncCore(Uri uri, HttpMessageInvoker invoker, CancellationToken cancellationToken)
   at GustoWaiter.Views.DashboardPage.ReceiveWaiterEventsAsync(CancellationToken ct) in C:\Users\Adithya\Desktop\demo1\pos_1st_cut\gusto_pos\GustoWaiter\Views\DashboardPage.xaml.cs:line 60
Inner: No connection could be made because the target machine actively refused it. (192.168.1.6:8000)
---
[2026-07-14 18:14:00] DashboardPage.ReceiveWaiterEventsAsync
Type: System.Net.WebSockets.WebSocketException
Message: Unable to connect to the remote server
Stack:    at System.Net.WebSockets.WebSocketHandle.ConnectAsync(Uri uri, HttpMessageInvoker invoker, CancellationToken cancellationToken, ClientWebSocketOptions options)
   at System.Net.WebSockets.ClientWebSocket.ConnectAsyncCore(Uri uri, HttpMessageInvoker invoker, CancellationToken cancellationToken)
   at GustoWaiter.Views.DashboardPage.ReceiveWaiterEventsAsync(CancellationToken ct) in C:\Users\Adithya\Desktop\demo1\pos_1st_cut\gusto_pos\GustoWaiter\Views\DashboardPage.xaml.cs:line 60
Inner: No connection could be made because the target machine actively refused it. (192.168.1.6:8000)
---
[2026-07-14 18:14:05] DashboardPage.ReceiveWaiterEventsAsync
Type: System.Net.WebSockets.WebSocketException
Message: Unable to connect to the remote server
Stack:    at System.Net.WebSockets.WebSocketHandle.ConnectAsync(Uri uri, HttpMessageInvoker invoker, CancellationToken cancellationToken, ClientWebSocketOptions options)
   at System.Net.WebSockets.ClientWebSocket.ConnectAsyncCore(Uri uri, HttpMessageInvoker invoker, CancellationToken cancellationToken)
   at GustoWaiter.Views.DashboardPage.ReceiveWaiterEventsAsync(CancellationToken ct) in C:\Users\Adithya\Desktop\demo1\pos_1st_cut\gusto_pos\GustoWaiter\Views\DashboardPage.xaml.cs:line 60
Inner: No connection could be made because the target machine actively refused it. (192.168.1.6:8000)
---
[2026-07-14 18:14:08] DashboardPage.ReceiveWaiterEventsAsync
Type: System.Net.WebSockets.WebSocketException
Message: Unable to connect to the remote server
Stack:    at System.Net.WebSockets.WebSocketHandle.ConnectAsync(Uri uri, HttpMessageInvoker invoker, CancellationToken cancellationToken, ClientWebSocketOptions options)
   at System.Net.WebSockets.ClientWebSocket.ConnectAsyncCore(Uri uri, HttpMessageInvoker invoker, CancellationToken cancellationToken)
   at GustoWaiter.Views.DashboardPage.ReceiveWaiterEventsAsync(CancellationToken ct) in C:\Users\Adithya\Desktop\demo1\pos_1st_cut\gusto_pos\GustoWaiter\Views\DashboardPage.xaml.cs:line 60
Inner: No connection could be made because the target machine actively refused it. (192.168.1.6:8000)
---
[2026-07-14 18:14:12] DashboardPage.ReceiveWaiterEventsAsync
Type: System.Net.WebSockets.WebSocketException
Message: Unable to connect to the remote server
Stack:    at System.Net.WebSockets.WebSocketHandle.ConnectAsync(Uri uri, HttpMessageInvoker invoker, CancellationToken cancellationToken, ClientWebSocketOptions options)
   at System.Net.WebSockets.ClientWebSocket.ConnectAsyncCore(Uri uri, HttpMessageInvoker invoker, CancellationToken cancellationToken)
   at GustoWaiter.Views.DashboardPage.ReceiveWaiterEventsAsync(CancellationToken ct) in C:\Users\Adithya\Desktop\demo1\pos_1st_cut\gusto_pos\GustoWaiter\Views\DashboardPage.xaml.cs:line 60
Inner: No connection could be made because the target machine actively refused it. (192.168.1.6:8000)
---
[2026-07-14 18:14:15] DashboardPage.ReceiveWaiterEventsAsync
Type: System.Net.WebSockets.WebSocketException
Message: Unable to connect to the remote server
Stack:    at System.Net.WebSockets.WebSocketHandle.ConnectAsync(Uri uri, HttpMessageInvoker invoker, CancellationToken cancellationToken, ClientWebSocketOptions options)
   at System.Net.WebSockets.ClientWebSocket.ConnectAsyncCore(Uri uri, HttpMessageInvoker invoker, CancellationToken cancellationToken)
   at GustoWaiter.Views.DashboardPage.ReceiveWaiterEventsAsync(CancellationToken ct) in C:\Users\Adithya\Desktop\demo1\pos_1st_cut\gusto_pos\GustoWaiter\Views\DashboardPage.xaml.cs:line 60
Inner: No connection could be made because the target machine actively refused it. (192.168.1.6:8000)
---
[2026-07-14 18:14:20] DashboardPage.ReceiveWaiterEventsAsync
Type: System.Net.WebSockets.WebSocketException
Message: Unable to connect to the remote server
Stack:    at System.Net.WebSockets.WebSocketHandle.ConnectAsync(Uri uri, HttpMessageInvoker invoker, CancellationToken cancellationToken, ClientWebSocketOptions options)
   at System.Net.WebSockets.ClientWebSocket.ConnectAsyncCore(Uri uri, HttpMessageInvoker invoker, CancellationToken cancellationToken)
   at GustoWaiter.Views.DashboardPage.ReceiveWaiterEventsAsync(CancellationToken ct) in C:\Users\Adithya\Desktop\demo1\pos_1st_cut\gusto_pos\GustoWaiter\Views\DashboardPage.xaml.cs:line 60
Inner: No connection could be made because the target machine actively refused it. (192.168.1.6:8000)
---
[2026-07-14 18:14:22] DashboardPage.ReceiveWaiterEventsAsync
Type: System.Net.WebSockets.WebSocketException
Message: Unable to connect to the remote server
Stack:    at System.Net.WebSockets.WebSocketHandle.ConnectAsync(Uri uri, HttpMessageInvoker invoker, CancellationToken cancellationToken, ClientWebSocketOptions options)
   at System.Net.WebSockets.ClientWebSocket.ConnectAsyncCore(Uri uri, HttpMessageInvoker invoker, CancellationToken cancellationToken)
   at GustoWaiter.Views.DashboardPage.ReceiveWaiterEventsAsync(CancellationToken ct) in C:\Users\Adithya\Desktop\demo1\pos_1st_cut\gusto_pos\GustoWaiter\Views\DashboardPage.xaml.cs:line 60
Inner: No connection could be made because the target machine actively refused it. (192.168.1.6:8000)
---
[2026-07-14 18:15:45] DashboardPage.ReceiveWaiterEventsAsync
Type: System.Net.WebSockets.WebSocketException
Message: Unable to connect to the remote server
Stack:    at System.Net.WebSockets.WebSocketHandle.ConnectAsync(Uri uri, HttpMessageInvoker invoker, CancellationToken cancellationToken, ClientWebSocketOptions options)
   at System.Net.WebSockets.ClientWebSocket.ConnectAsyncCore(Uri uri, HttpMessageInvoker invoker, CancellationToken cancellationToken)
   at GustoWaiter.Views.DashboardPage.ReceiveWaiterEventsAsync(CancellationToken ct) in C:\Users\Adithya\Desktop\demo1\pos_1st_cut\gusto_pos\GustoWaiter\Views\DashboardPage.xaml.cs:line 60
Inner: No connection could be made because the target machine actively refused it. (192.168.1.6:8000)
---
[2026-07-14 18:15:58] DashboardPage.ReceiveWaiterEventsAsync
Type: System.Net.WebSockets.WebSocketException
Message: Unable to connect to the remote server
Stack:    at System.Net.WebSockets.WebSocketHandle.ConnectAsync(Uri uri, HttpMessageInvoker invoker, CancellationToken cancellationToken, ClientWebSocketOptions options)
   at System.Net.WebSockets.ClientWebSocket.ConnectAsyncCore(Uri uri, HttpMessageInvoker invoker, CancellationToken cancellationToken)
   at GustoWaiter.Views.DashboardPage.ReceiveWaiterEventsAsync(CancellationToken ct) in C:\Users\Adithya\Desktop\demo1\pos_1st_cut\gusto_pos\GustoWaiter\Views\DashboardPage.xaml.cs:line 60
Inner: No connection could be made because the target machine actively refused it. (192.168.1.6:8000)
---
[2026-07-14 18:15:58] DashboardPage.ReceiveWaiterEventsAsync
Type: System.Net.WebSockets.WebSocketException
Message: Unable to connect to the remote server
Stack:    at System.Net.WebSockets.WebSocketHandle.ConnectAsync(Uri uri, HttpMessageInvoker invoker, CancellationToken cancellationToken, ClientWebSocketOptions options)
   at System.Net.WebSockets.ClientWebSocket.ConnectAsyncCore(Uri uri, HttpMessageInvoker invoker, CancellationToken cancellationToken)
   at GustoWaiter.Views.DashboardPage.ReceiveWaiterEventsAsync(CancellationToken ct) in C:\Users\Adithya\Desktop\demo1\pos_1st_cut\gusto_pos\GustoWaiter\Views\DashboardPage.xaml.cs:line 60
Inner: No connection could be made because the target machine actively refused it. (192.168.1.6:8000)
---
[2026-07-14 18:16:06] DashboardPage.ReceiveWaiterEventsAsync
Type: System.Net.WebSockets.WebSocketException
Message: Unable to connect to the remote server
Stack:    at System.Net.WebSockets.WebSocketHandle.ConnectAsync(Uri uri, HttpMessageInvoker invoker, CancellationToken cancellationToken, ClientWebSocketOptions options)
   at System.Net.WebSockets.ClientWebSocket.ConnectAsyncCore(Uri uri, HttpMessageInvoker invoker, CancellationToken cancellationToken)
   at GustoWaiter.Views.DashboardPage.ReceiveWaiterEventsAsync(CancellationToken ct) in C:\Users\Adithya\Desktop\demo1\pos_1st_cut\gusto_pos\GustoWaiter\Views\DashboardPage.xaml.cs:line 60
Inner: No connection could be made because the target machine actively refused it. (192.168.1.6:8000)
---
[2026-07-14 18:16:14] DashboardPage.ReceiveWaiterEventsAsync
Type: System.Net.WebSockets.WebSocketException
Message: Unable to connect to the remote server
Stack:    at System.Net.WebSockets.WebSocketHandle.ConnectAsync(Uri uri, HttpMessageInvoker invoker, CancellationToken cancellationToken, ClientWebSocketOptions options)
   at System.Net.WebSockets.ClientWebSocket.ConnectAsyncCore(Uri uri, HttpMessageInvoker invoker, CancellationToken cancellationToken)
   at GustoWaiter.Views.DashboardPage.ReceiveWaiterEventsAsync(CancellationToken ct) in C:\Users\Adithya\Desktop\demo1\pos_1st_cut\gusto_pos\GustoWaiter\Views\DashboardPage.xaml.cs:line 60
Inner: No connection could be made because the target machine actively refused it. (192.168.1.6:8000)
---
[2026-07-14 18:16:14] DashboardPage.ReceiveWaiterEventsAsync
Type: System.Net.WebSockets.WebSocketException
Message: Unable to connect to the remote server
Stack:    at System.Net.WebSockets.WebSocketHandle.ConnectAsync(Uri uri, HttpMessageInvoker invoker, CancellationToken cancellationToken, ClientWebSocketOptions options)
   at System.Net.WebSockets.ClientWebSocket.ConnectAsyncCore(Uri uri, HttpMessageInvoker invoker, CancellationToken cancellationToken)
   at GustoWaiter.Views.DashboardPage.ReceiveWaiterEventsAsync(CancellationToken ct) in C:\Users\Adithya\Desktop\demo1\pos_1st_cut\gusto_pos\GustoWaiter\Views\DashboardPage.xaml.cs:line 60
Inner: No connection could be made because the target machine actively refused it. (192.168.1.6:8000)
---
[2026-07-14 18:16:22] DashboardPage.ReceiveWaiterEventsAsync
Type: System.Net.WebSockets.WebSocketException
Message: Unable to connect to the remote server
Stack:    at System.Net.WebSockets.WebSocketHandle.ConnectAsync(Uri uri, HttpMessageInvoker invoker, CancellationToken cancellationToken, ClientWebSocketOptions options)
   at System.Net.WebSockets.ClientWebSocket.ConnectAsyncCore(Uri uri, HttpMessageInvoker invoker, CancellationToken cancellationToken)
   at GustoWaiter.Views.DashboardPage.ReceiveWaiterEventsAsync(CancellationToken ct) in C:\Users\Adithya\Desktop\demo1\pos_1st_cut\gusto_pos\GustoWaiter\Views\DashboardPage.xaml.cs:line 60
Inner: No connection could be made because the target machine actively refused it. (192.168.1.6:8000)
---
[2026-07-14 18:16:22] DashboardPage.ReceiveWaiterEventsAsync
Type: System.Net.WebSockets.WebSocketException
Message: Unable to connect to the remote server
Stack:    at System.Net.WebSockets.WebSocketHandle.ConnectAsync(Uri uri, HttpMessageInvoker invoker, CancellationToken cancellationToken, ClientWebSocketOptions options)
   at System.Net.WebSockets.ClientWebSocket.ConnectAsyncCore(Uri uri, HttpMessageInvoker invoker, CancellationToken cancellationToken)
   at GustoWaiter.Views.DashboardPage.ReceiveWaiterEventsAsync(CancellationToken ct) in C:\Users\Adithya\Desktop\demo1\pos_1st_cut\gusto_pos\GustoWaiter\Views\DashboardPage.xaml.cs:line 60
Inner: No connection could be made because the target machine actively refused it. (192.168.1.6:8000)
---
[2026-07-14 18:16:29] DashboardPage.ReceiveWaiterEventsAsync
Type: System.Net.WebSockets.WebSocketException
Message: Unable to connect to the remote server
Stack:    at System.Net.WebSockets.WebSocketHandle.ConnectAsync(Uri uri, HttpMessageInvoker invoker, CancellationToken cancellationToken, ClientWebSocketOptions options)
   at System.Net.WebSockets.ClientWebSocket.ConnectAsyncCore(Uri uri, HttpMessageInvoker invoker, CancellationToken cancellationToken)
   at GustoWaiter.Views.DashboardPage.ReceiveWaiterEventsAsync(CancellationToken ct) in C:\Users\Adithya\Desktop\demo1\pos_1st_cut\gusto_pos\GustoWaiter\Views\DashboardPage.xaml.cs:line 60
Inner: No connection could be made because the target machine actively refused it. (192.168.1.6:8000)
---
[2026-07-14 18:16:29] DashboardPage.ReceiveWaiterEventsAsync
Type: System.Net.WebSockets.WebSocketException
Message: Unable to connect to the remote server
Stack:    at System.Net.WebSockets.WebSocketHandle.ConnectAsync(Uri uri, HttpMessageInvoker invoker, CancellationToken cancellationToken, ClientWebSocketOptions options)
   at System.Net.WebSockets.ClientWebSocket.ConnectAsyncCore(Uri uri, HttpMessageInvoker invoker, CancellationToken cancellationToken)
   at GustoWaiter.Views.DashboardPage.ReceiveWaiterEventsAsync(CancellationToken ct) in C:\Users\Adithya\Desktop\demo1\pos_1st_cut\gusto_pos\GustoWaiter\Views\DashboardPage.xaml.cs:line 60
Inner: No connection could be made because the target machine actively refused it. (192.168.1.6:8000)
---
[2026-07-14 18:16:37] DashboardPage.ReceiveWaiterEventsAsync
Type: System.Net.WebSockets.WebSocketException
Message: Unable to connect to the remote server
Stack:    at System.Net.WebSockets.WebSocketHandle.ConnectAsync(Uri uri, HttpMessageInvoker invoker, CancellationToken cancellationToken, ClientWebSocketOptions options)
   at System.Net.WebSockets.ClientWebSocket.ConnectAsyncCore(Uri uri, HttpMessageInvoker invoker, CancellationToken cancellationToken)
   at GustoWaiter.Views.DashboardPage.ReceiveWaiterEventsAsync(CancellationToken ct) in C:\Users\Adithya\Desktop\demo1\pos_1st_cut\gusto_pos\GustoWaiter\Views\DashboardPage.xaml.cs:line 60
Inner: No connection could be made because the target machine actively refused it. (192.168.1.6:8000)
---
[2026-07-14 18:16:37] DashboardPage.ReceiveWaiterEventsAsync
Type: System.Net.WebSockets.WebSocketException
Message: Unable to connect to the remote server
Stack:    at System.Net.WebSockets.WebSocketHandle.ConnectAsync(Uri uri, HttpMessageInvoker invoker, CancellationToken cancellationToken, ClientWebSocketOptions options)
   at System.Net.WebSockets.ClientWebSocket.ConnectAsyncCore(Uri uri, HttpMessageInvoker invoker, CancellationToken cancellationToken)
   at GustoWaiter.Views.DashboardPage.ReceiveWaiterEventsAsync(CancellationToken ct) in C:\Users\Adithya\Desktop\demo1\pos_1st_cut\gusto_pos\GustoWaiter\Views\DashboardPage.xaml.cs:line 60
Inner: No connection could be made because the target machine actively refused it. (192.168.1.6:8000)
---
[2026-07-14 18:16:44] DashboardPage.ReceiveWaiterEventsAsync
Type: System.Net.WebSockets.WebSocketException
Message: Unable to connect to the remote server
Stack:    at System.Net.WebSockets.WebSocketHandle.ConnectAsync(Uri uri, HttpMessageInvoker invoker, CancellationToken cancellationToken, ClientWebSocketOptions options)
   at System.Net.WebSockets.ClientWebSocket.ConnectAsyncCore(Uri uri, HttpMessageInvoker invoker, CancellationToken cancellationToken)
   at GustoWaiter.Views.DashboardPage.ReceiveWaiterEventsAsync(CancellationToken ct) in C:\Users\Adithya\Desktop\demo1\pos_1st_cut\gusto_pos\GustoWaiter\Views\DashboardPage.xaml.cs:line 60
Inner: No connection could be made because the target machine actively refused it. (192.168.1.6:8000)
---
[2026-07-14 18:16:45] DashboardPage.ReceiveWaiterEventsAsync
Type: System.Net.WebSockets.WebSocketException
Message: Unable to connect to the remote server
Stack:    at System.Net.WebSockets.WebSocketHandle.ConnectAsync(Uri uri, HttpMessageInvoker invoker, CancellationToken cancellationToken, ClientWebSocketOptions options)
   at System.Net.WebSockets.ClientWebSocket.ConnectAsyncCore(Uri uri, HttpMessageInvoker invoker, CancellationToken cancellationToken)
   at GustoWaiter.Views.DashboardPage.ReceiveWaiterEventsAsync(CancellationToken ct) in C:\Users\Adithya\Desktop\demo1\pos_1st_cut\gusto_pos\GustoWaiter\Views\DashboardPage.xaml.cs:line 60
Inner: No connection could be made because the target machine actively refused it. (192.168.1.6:8000)
---
[2026-07-14 18:16:53] DashboardPage.ReceiveWaiterEventsAsync
Type: System.Net.WebSockets.WebSocketException
Message: Unable to connect to the remote server
Stack:    at System.Net.WebSockets.WebSocketHandle.ConnectAsync(Uri uri, HttpMessageInvoker invoker, CancellationToken cancellationToken, ClientWebSocketOptions options)
   at System.Net.WebSockets.ClientWebSocket.ConnectAsyncCore(Uri uri, HttpMessageInvoker invoker, CancellationToken cancellationToken)
   at GustoWaiter.Views.DashboardPage.ReceiveWaiterEventsAsync(CancellationToken ct) in C:\Users\Adithya\Desktop\demo1\pos_1st_cut\gusto_pos\GustoWaiter\Views\DashboardPage.xaml.cs:line 60
Inner: No connection could be made because the target machine actively refused it. (192.168.1.6:8000)
---
[2026-07-14 18:16:53] DashboardPage.ReceiveWaiterEventsAsync
Type: System.Net.WebSockets.WebSocketException
Message: Unable to connect to the remote server
Stack:    at System.Net.WebSockets.WebSocketHandle.ConnectAsync(Uri uri, HttpMessageInvoker invoker, CancellationToken cancellationToken, ClientWebSocketOptions options)
   at System.Net.WebSockets.ClientWebSocket.ConnectAsyncCore(Uri uri, HttpMessageInvoker invoker, CancellationToken cancellationToken)
   at GustoWaiter.Views.DashboardPage.ReceiveWaiterEventsAsync(CancellationToken ct) in C:\Users\Adithya\Desktop\demo1\pos_1st_cut\gusto_pos\GustoWaiter\Views\DashboardPage.xaml.cs:line 60
Inner: No connection could be made because the target machine actively refused it. (192.168.1.6:8000)
---
[2026-07-14 18:17:02] DashboardPage.ReceiveWaiterEventsAsync
Type: System.Net.WebSockets.WebSocketException
Message: Unable to connect to the remote server
Stack:    at System.Net.WebSockets.WebSocketHandle.ConnectAsync(Uri uri, HttpMessageInvoker invoker, CancellationToken cancellationToken, ClientWebSocketOptions options)
   at System.Net.WebSockets.ClientWebSocket.ConnectAsyncCore(Uri uri, HttpMessageInvoker invoker, CancellationToken cancellationToken)
   at GustoWaiter.Views.DashboardPage.ReceiveWaiterEventsAsync(CancellationToken ct) in C:\Users\Adithya\Desktop\demo1\pos_1st_cut\gusto_pos\GustoWaiter\Views\DashboardPage.xaml.cs:line 60
Inner: No connection could be made because the target machine actively refused it. (192.168.1.6:8000)
---
[2026-07-14 18:17:03] DashboardPage.ReceiveWaiterEventsAsync
Type: System.Net.WebSockets.WebSocketException
Message: Unable to connect to the remote server
Stack:    at System.Net.WebSockets.WebSocketHandle.ConnectAsync(Uri uri, HttpMessageInvoker invoker, CancellationToken cancellationToken, ClientWebSocketOptions options)
   at System.Net.WebSockets.ClientWebSocket.ConnectAsyncCore(Uri uri, HttpMessageInvoker invoker, CancellationToken cancellationToken)
   at GustoWaiter.Views.DashboardPage.ReceiveWaiterEventsAsync(CancellationToken ct) in C:\Users\Adithya\Desktop\demo1\pos_1st_cut\gusto_pos\GustoWaiter\Views\DashboardPage.xaml.cs:line 60
Inner: No connection could be made because the target machine actively refused it. (192.168.1.6:8000)
---
[2026-07-14 18:17:10] DashboardPage.ReceiveWaiterEventsAsync
Type: System.Net.WebSockets.WebSocketException
Message: Unable to connect to the remote server
Stack:    at System.Net.WebSockets.WebSocketHandle.ConnectAsync(Uri uri, HttpMessageInvoker invoker, CancellationToken cancellationToken, ClientWebSocketOptions options)
   at System.Net.WebSockets.ClientWebSocket.ConnectAsyncCore(Uri uri, HttpMessageInvoker invoker, CancellationToken cancellationToken)
   at GustoWaiter.Views.DashboardPage.ReceiveWaiterEventsAsync(CancellationToken ct) in C:\Users\Adithya\Desktop\demo1\pos_1st_cut\gusto_pos\GustoWaiter\Views\DashboardPage.xaml.cs:line 60
Inner: No connection could be made because the target machine actively refused it. (192.168.1.6:8000)
---
[2026-07-14 18:17:10] DashboardPage.ReceiveWaiterEventsAsync
Type: System.Net.WebSockets.WebSocketException
Message: Unable to connect to the remote server
Stack:    at System.Net.WebSockets.WebSocketHandle.ConnectAsync(Uri uri, HttpMessageInvoker invoker, CancellationToken cancellationToken, ClientWebSocketOptions options)
   at System.Net.WebSockets.ClientWebSocket.ConnectAsyncCore(Uri uri, HttpMessageInvoker invoker, CancellationToken cancellationToken)
   at GustoWaiter.Views.DashboardPage.ReceiveWaiterEventsAsync(CancellationToken ct) in C:\Users\Adithya\Desktop\demo1\pos_1st_cut\gusto_pos\GustoWaiter\Views\DashboardPage.xaml.cs:line 60
Inner: No connection could be made because the target machine actively refused it. (192.168.1.6:8000)
---
[2026-07-14 18:17:17] DashboardPage.ReceiveWaiterEventsAsync
Type: System.Net.WebSockets.WebSocketException
Message: Unable to connect to the remote server
Stack:    at System.Net.WebSockets.WebSocketHandle.ConnectAsync(Uri uri, HttpMessageInvoker invoker, CancellationToken cancellationToken, ClientWebSocketOptions options)
   at System.Net.WebSockets.ClientWebSocket.ConnectAsyncCore(Uri uri, HttpMessageInvoker invoker, CancellationToken cancellationToken)
   at GustoWaiter.Views.DashboardPage.ReceiveWaiterEventsAsync(CancellationToken ct) in C:\Users\Adithya\Desktop\demo1\pos_1st_cut\gusto_pos\GustoWaiter\Views\DashboardPage.xaml.cs:line 60
Inner: No connection could be made because the target machine actively refused it. (192.168.1.6:8000)
---
[2026-07-14 18:17:17] DashboardPage.ReceiveWaiterEventsAsync
Type: System.Net.WebSockets.WebSocketException
Message: Unable to connect to the remote server
Stack:    at System.Net.WebSockets.WebSocketHandle.ConnectAsync(Uri uri, HttpMessageInvoker invoker, CancellationToken cancellationToken, ClientWebSocketOptions options)
   at System.Net.WebSockets.ClientWebSocket.ConnectAsyncCore(Uri uri, HttpMessageInvoker invoker, CancellationToken cancellationToken)
   at GustoWaiter.Views.DashboardPage.ReceiveWaiterEventsAsync(CancellationToken ct) in C:\Users\Adithya\Desktop\demo1\pos_1st_cut\gusto_pos\GustoWaiter\Views\DashboardPage.xaml.cs:line 60
Inner: No connection could be made because the target machine actively refused it. (192.168.1.6:8000)
---
[2026-07-14 18:17:24] DashboardPage.ReceiveWaiterEventsAsync
Type: System.Net.WebSockets.WebSocketException
Message: Unable to connect to the remote server
Stack:    at System.Net.WebSockets.WebSocketHandle.ConnectAsync(Uri uri, HttpMessageInvoker invoker, CancellationToken cancellationToken, ClientWebSocketOptions options)
   at System.Net.WebSockets.ClientWebSocket.ConnectAsyncCore(Uri uri, HttpMessageInvoker invoker, CancellationToken cancellationToken)
   at GustoWaiter.Views.DashboardPage.ReceiveWaiterEventsAsync(CancellationToken ct) in C:\Users\Adithya\Desktop\demo1\pos_1st_cut\gusto_pos\GustoWaiter\Views\DashboardPage.xaml.cs:line 60
Inner: No connection could be made because the target machine actively refused it. (192.168.1.6:8000)
---
[2026-07-14 18:17:25] DashboardPage.ReceiveWaiterEventsAsync
Type: System.Net.WebSockets.WebSocketException
Message: Unable to connect to the remote server
Stack:    at System.Net.WebSockets.WebSocketHandle.ConnectAsync(Uri uri, HttpMessageInvoker invoker, CancellationToken cancellationToken, ClientWebSocketOptions options)
   at System.Net.WebSockets.ClientWebSocket.ConnectAsyncCore(Uri uri, HttpMessageInvoker invoker, CancellationToken cancellationToken)
   at GustoWaiter.Views.DashboardPage.ReceiveWaiterEventsAsync(CancellationToken ct) in C:\Users\Adithya\Desktop\demo1\pos_1st_cut\gusto_pos\GustoWaiter\Views\DashboardPage.xaml.cs:line 60
Inner: No connection could be made because the target machine actively refused it. (192.168.1.6:8000)
---
[2026-07-14 18:17:32] DashboardPage.ReceiveWaiterEventsAsync
Type: System.Net.WebSockets.WebSocketException
Message: Unable to connect to the remote server
Stack:    at System.Net.WebSockets.WebSocketHandle.ConnectAsync(Uri uri, HttpMessageInvoker invoker, CancellationToken cancellationToken, ClientWebSocketOptions options)
   at System.Net.WebSockets.ClientWebSocket.ConnectAsyncCore(Uri uri, HttpMessageInvoker invoker, CancellationToken cancellationToken)
   at GustoWaiter.Views.DashboardPage.ReceiveWaiterEventsAsync(CancellationToken ct) in C:\Users\Adithya\Desktop\demo1\pos_1st_cut\gusto_pos\GustoWaiter\Views\DashboardPage.xaml.cs:line 60
Inner: No connection could be made because the target machine actively refused it. (192.168.1.6:8000)
---
[2026-07-14 18:17:32] DashboardPage.ReceiveWaiterEventsAsync
Type: System.Net.WebSockets.WebSocketException
Message: Unable to connect to the remote server
Stack:    at System.Net.WebSockets.WebSocketHandle.ConnectAsync(Uri uri, HttpMessageInvoker invoker, CancellationToken cancellationToken, ClientWebSocketOptions options)
   at System.Net.WebSockets.ClientWebSocket.ConnectAsyncCore(Uri uri, HttpMessageInvoker invoker, CancellationToken cancellationToken)
   at GustoWaiter.Views.DashboardPage.ReceiveWaiterEventsAsync(CancellationToken ct) in C:\Users\Adithya\Desktop\demo1\pos_1st_cut\gusto_pos\GustoWaiter\Views\DashboardPage.xaml.cs:line 60
Inner: No connection could be made because the target machine actively refused it. (192.168.1.6:8000)
---
[2026-07-14 18:17:39] DashboardPage.ReceiveWaiterEventsAsync
Type: System.Net.WebSockets.WebSocketException
Message: Unable to connect to the remote server
Stack:    at System.Net.WebSockets.WebSocketHandle.ConnectAsync(Uri uri, HttpMessageInvoker invoker, CancellationToken cancellationToken, ClientWebSocketOptions options)
   at System.Net.WebSockets.ClientWebSocket.ConnectAsyncCore(Uri uri, HttpMessageInvoker invoker, CancellationToken cancellationToken)
   at GustoWaiter.Views.DashboardPage.ReceiveWaiterEventsAsync(CancellationToken ct) in C:\Users\Adithya\Desktop\demo1\pos_1st_cut\gusto_pos\GustoWaiter\Views\DashboardPage.xaml.cs:line 60
Inner: No connection could be made because the target machine actively refused it. (192.168.1.6:8000)
---
[2026-07-14 18:17:39] DashboardPage.ReceiveWaiterEventsAsync
Type: System.Net.WebSockets.WebSocketException
Message: Unable to connect to the remote server
Stack:    at System.Net.WebSockets.WebSocketHandle.ConnectAsync(Uri uri, HttpMessageInvoker invoker, CancellationToken cancellationToken, ClientWebSocketOptions options)
   at System.Net.WebSockets.ClientWebSocket.ConnectAsyncCore(Uri uri, HttpMessageInvoker invoker, CancellationToken cancellationToken)
   at GustoWaiter.Views.DashboardPage.ReceiveWaiterEventsAsync(CancellationToken ct) in C:\Users\Adithya\Desktop\demo1\pos_1st_cut\gusto_pos\GustoWaiter\Views\DashboardPage.xaml.cs:line 60
Inner: No connection could be made because the target machine actively refused it. (192.168.1.6:8000)
---
[2026-07-14 18:17:47] DashboardPage.ReceiveWaiterEventsAsync
Type: System.Net.WebSockets.WebSocketException
Message: Unable to connect to the remote server
Stack:    at System.Net.WebSockets.WebSocketHandle.ConnectAsync(Uri uri, HttpMessageInvoker invoker, CancellationToken cancellationToken, ClientWebSocketOptions options)
   at System.Net.WebSockets.ClientWebSocket.ConnectAsyncCore(Uri uri, HttpMessageInvoker invoker, CancellationToken cancellationToken)
   at GustoWaiter.Views.DashboardPage.ReceiveWaiterEventsAsync(CancellationToken ct) in C:\Users\Adithya\Desktop\demo1\pos_1st_cut\gusto_pos\GustoWaiter\Views\DashboardPage.xaml.cs:line 60
Inner: No connection could be made because the target machine actively refused it. (192.168.1.6:8000)
---
[2026-07-14 18:17:47] DashboardPage.ReceiveWaiterEventsAsync
Type: System.Net.WebSockets.WebSocketException
Message: Unable to connect to the remote server
Stack:    at System.Net.WebSockets.WebSocketHandle.ConnectAsync(Uri uri, HttpMessageInvoker invoker, CancellationToken cancellationToken, ClientWebSocketOptions options)
   at System.Net.WebSockets.ClientWebSocket.ConnectAsyncCore(Uri uri, HttpMessageInvoker invoker, CancellationToken cancellationToken)
   at GustoWaiter.Views.DashboardPage.ReceiveWaiterEventsAsync(CancellationToken ct) in C:\Users\Adithya\Desktop\demo1\pos_1st_cut\gusto_pos\GustoWaiter\Views\DashboardPage.xaml.cs:line 60
Inner: No connection could be made because the target machine actively refused it. (192.168.1.6:8000)
---
[2026-07-14 18:17:54] DashboardPage.ReceiveWaiterEventsAsync
Type: System.Net.WebSockets.WebSocketException
Message: Unable to connect to the remote server
Stack:    at System.Net.WebSockets.WebSocketHandle.ConnectAsync(Uri uri, HttpMessageInvoker invoker, CancellationToken cancellationToken, ClientWebSocketOptions options)
   at System.Net.WebSockets.ClientWebSocket.ConnectAsyncCore(Uri uri, HttpMessageInvoker invoker, CancellationToken cancellationToken)
   at GustoWaiter.Views.DashboardPage.ReceiveWaiterEventsAsync(CancellationToken ct) in C:\Users\Adithya\Desktop\demo1\pos_1st_cut\gusto_pos\GustoWaiter\Views\DashboardPage.xaml.cs:line 60
Inner: No connection could be made because the target machine actively refused it. (192.168.1.6:8000)
---
[2026-07-14 18:17:54] DashboardPage.ReceiveWaiterEventsAsync
Type: System.Net.WebSockets.WebSocketException
Message: Unable to connect to the remote server
Stack:    at System.Net.WebSockets.WebSocketHandle.ConnectAsync(Uri uri, HttpMessageInvoker invoker, CancellationToken cancellationToken, ClientWebSocketOptions options)
   at System.Net.WebSockets.ClientWebSocket.ConnectAsyncCore(Uri uri, HttpMessageInvoker invoker, CancellationToken cancellationToken)
   at GustoWaiter.Views.DashboardPage.ReceiveWaiterEventsAsync(CancellationToken ct) in C:\Users\Adithya\Desktop\demo1\pos_1st_cut\gusto_pos\GustoWaiter\Views\DashboardPage.xaml.cs:line 60
Inner: No connection could be made because the target machine actively refused it. (192.168.1.6:8000)
---
[2026-07-14 18:18:02] DashboardPage.ReceiveWaiterEventsAsync
Type: System.Net.WebSockets.WebSocketException
Message: Unable to connect to the remote server
Stack:    at System.Net.WebSockets.WebSocketHandle.ConnectAsync(Uri uri, HttpMessageInvoker invoker, CancellationToken cancellationToken, ClientWebSocketOptions options)
   at System.Net.WebSockets.ClientWebSocket.ConnectAsyncCore(Uri uri, HttpMessageInvoker invoker, CancellationToken cancellationToken)
   at GustoWaiter.Views.DashboardPage.ReceiveWaiterEventsAsync(CancellationToken ct) in C:\Users\Adithya\Desktop\demo1\pos_1st_cut\gusto_pos\GustoWaiter\Views\DashboardPage.xaml.cs:line 60
Inner: No connection could be made because the target machine actively refused it. (192.168.1.6:8000)
---
[2026-07-14 18:18:02] DashboardPage.ReceiveWaiterEventsAsync
Type: System.Net.WebSockets.WebSocketException
Message: Unable to connect to the remote server
Stack:    at System.Net.WebSockets.WebSocketHandle.ConnectAsync(Uri uri, HttpMessageInvoker invoker, CancellationToken cancellationToken, ClientWebSocketOptions options)
   at System.Net.WebSockets.ClientWebSocket.ConnectAsyncCore(Uri uri, HttpMessageInvoker invoker, CancellationToken cancellationToken)
   at GustoWaiter.Views.DashboardPage.ReceiveWaiterEventsAsync(CancellationToken ct) in C:\Users\Adithya\Desktop\demo1\pos_1st_cut\gusto_pos\GustoWaiter\Views\DashboardPage.xaml.cs:line 60
Inner: No connection could be made because the target machine actively refused it. (192.168.1.6:8000)
---
[2026-07-14 18:18:09] DashboardPage.ReceiveWaiterEventsAsync
Type: System.Net.WebSockets.WebSocketException
Message: Unable to connect to the remote server
Stack:    at System.Net.WebSockets.WebSocketHandle.ConnectAsync(Uri uri, HttpMessageInvoker invoker, CancellationToken cancellationToken, ClientWebSocketOptions options)
   at System.Net.WebSockets.ClientWebSocket.ConnectAsyncCore(Uri uri, HttpMessageInvoker invoker, CancellationToken cancellationToken)
   at GustoWaiter.Views.DashboardPage.ReceiveWaiterEventsAsync(CancellationToken ct) in C:\Users\Adithya\Desktop\demo1\pos_1st_cut\gusto_pos\GustoWaiter\Views\DashboardPage.xaml.cs:line 60
Inner: No connection could be made because the target machine actively refused it. (192.168.1.6:8000)
---
[2026-07-14 18:18:09] DashboardPage.ReceiveWaiterEventsAsync
Type: System.Net.WebSockets.WebSocketException
Message: Unable to connect to the remote server
Stack:    at System.Net.WebSockets.WebSocketHandle.ConnectAsync(Uri uri, HttpMessageInvoker invoker, CancellationToken cancellationToken, ClientWebSocketOptions options)
   at System.Net.WebSockets.ClientWebSocket.ConnectAsyncCore(Uri uri, HttpMessageInvoker invoker, CancellationToken cancellationToken)
   at GustoWaiter.Views.DashboardPage.ReceiveWaiterEventsAsync(CancellationToken ct) in C:\Users\Adithya\Desktop\demo1\pos_1st_cut\gusto_pos\GustoWaiter\Views\DashboardPage.xaml.cs:line 60
Inner: No connection could be made because the target machine actively refused it. (192.168.1.6:8000)
---
[2026-07-14 18:18:17] DashboardPage.ReceiveWaiterEventsAsync
Type: System.Net.WebSockets.WebSocketException
Message: Unable to connect to the remote server
Stack:    at System.Net.WebSockets.WebSocketHandle.ConnectAsync(Uri uri, HttpMessageInvoker invoker, CancellationToken cancellationToken, ClientWebSocketOptions options)
   at System.Net.WebSockets.ClientWebSocket.ConnectAsyncCore(Uri uri, HttpMessageInvoker invoker, CancellationToken cancellationToken)
   at GustoWaiter.Views.DashboardPage.ReceiveWaiterEventsAsync(CancellationToken ct) in C:\Users\Adithya\Desktop\demo1\pos_1st_cut\gusto_pos\GustoWaiter\Views\DashboardPage.xaml.cs:line 60
Inner: No connection could be made because the target machine actively refused it. (192.168.1.6:8000)
---
[2026-07-14 18:18:17] DashboardPage.ReceiveWaiterEventsAsync
Type: System.Net.WebSockets.WebSocketException
Message: Unable to connect to the remote server
Stack:    at System.Net.WebSockets.WebSocketHandle.ConnectAsync(Uri uri, HttpMessageInvoker invoker, CancellationToken cancellationToken, ClientWebSocketOptions options)
   at System.Net.WebSockets.ClientWebSocket.ConnectAsyncCore(Uri uri, HttpMessageInvoker invoker, CancellationToken cancellationToken)
   at GustoWaiter.Views.DashboardPage.ReceiveWaiterEventsAsync(CancellationToken ct) in C:\Users\Adithya\Desktop\demo1\pos_1st_cut\gusto_pos\GustoWaiter\Views\DashboardPage.xaml.cs:line 60
Inner: No connection could be made because the target machine actively refused it. (192.168.1.6:8000)
---
[2026-07-14 18:18:24] DashboardPage.ReceiveWaiterEventsAsync
Type: System.Net.WebSockets.WebSocketException
Message: Unable to connect to the remote server
Stack:    at System.Net.WebSockets.WebSocketHandle.ConnectAsync(Uri uri, HttpMessageInvoker invoker, CancellationToken cancellationToken, ClientWebSocketOptions options)
   at System.Net.WebSockets.ClientWebSocket.ConnectAsyncCore(Uri uri, HttpMessageInvoker invoker, CancellationToken cancellationToken)
   at GustoWaiter.Views.DashboardPage.ReceiveWaiterEventsAsync(CancellationToken ct) in C:\Users\Adithya\Desktop\demo1\pos_1st_cut\gusto_pos\GustoWaiter\Views\DashboardPage.xaml.cs:line 60
Inner: No connection could be made because the target machine actively refused it. (192.168.1.6:8000)
---
[2026-07-14 18:18:24] DashboardPage.ReceiveWaiterEventsAsync
Type: System.Net.WebSockets.WebSocketException
Message: Unable to connect to the remote server
Stack:    at System.Net.WebSockets.WebSocketHandle.ConnectAsync(Uri uri, HttpMessageInvoker invoker, CancellationToken cancellationToken, ClientWebSocketOptions options)
   at System.Net.WebSockets.ClientWebSocket.ConnectAsyncCore(Uri uri, HttpMessageInvoker invoker, CancellationToken cancellationToken)
   at GustoWaiter.Views.DashboardPage.ReceiveWaiterEventsAsync(CancellationToken ct) in C:\Users\Adithya\Desktop\demo1\pos_1st_cut\gusto_pos\GustoWaiter\Views\DashboardPage.xaml.cs:line 60
Inner: No connection could be made because the target machine actively refused it. (192.168.1.6:8000)
---
[2026-07-14 18:18:31] DashboardPage.ReceiveWaiterEventsAsync
Type: System.Net.WebSockets.WebSocketException
Message: Unable to connect to the remote server
Stack:    at System.Net.WebSockets.WebSocketHandle.ConnectAsync(Uri uri, HttpMessageInvoker invoker, CancellationToken cancellationToken, ClientWebSocketOptions options)
   at System.Net.WebSockets.ClientWebSocket.ConnectAsyncCore(Uri uri, HttpMessageInvoker invoker, CancellationToken cancellationToken)
   at GustoWaiter.Views.DashboardPage.ReceiveWaiterEventsAsync(CancellationToken ct) in C:\Users\Adithya\Desktop\demo1\pos_1st_cut\gusto_pos\GustoWaiter\Views\DashboardPage.xaml.cs:line 60
Inner: No connection could be made because the target machine actively refused it. (192.168.1.6:8000)
---
[2026-07-14 18:18:32] DashboardPage.ReceiveWaiterEventsAsync
Type: System.Net.WebSockets.WebSocketException
Message: Unable to connect to the remote server
Stack:    at System.Net.WebSockets.WebSocketHandle.ConnectAsync(Uri uri, HttpMessageInvoker invoker, CancellationToken cancellationToken, ClientWebSocketOptions options)
   at System.Net.WebSockets.ClientWebSocket.ConnectAsyncCore(Uri uri, HttpMessageInvoker invoker, CancellationToken cancellationToken)
   at GustoWaiter.Views.DashboardPage.ReceiveWaiterEventsAsync(CancellationToken ct) in C:\Users\Adithya\Desktop\demo1\pos_1st_cut\gusto_pos\GustoWaiter\Views\DashboardPage.xaml.cs:line 60
Inner: No connection could be made because the target machine actively refused it. (192.168.1.6:8000)
---
[2026-07-14 18:18:39] DashboardPage.ReceiveWaiterEventsAsync
Type: System.Net.WebSockets.WebSocketException
Message: Unable to connect to the remote server
Stack:    at System.Net.WebSockets.WebSocketHandle.ConnectAsync(Uri uri, HttpMessageInvoker invoker, CancellationToken cancellationToken, ClientWebSocketOptions options)
   at System.Net.WebSockets.ClientWebSocket.ConnectAsyncCore(Uri uri, HttpMessageInvoker invoker, CancellationToken cancellationToken)
   at GustoWaiter.Views.DashboardPage.ReceiveWaiterEventsAsync(CancellationToken ct) in C:\Users\Adithya\Desktop\demo1\pos_1st_cut\gusto_pos\GustoWaiter\Views\DashboardPage.xaml.cs:line 60
Inner: No connection could be made because the target machine actively refused it. (192.168.1.6:8000)
---
[2026-07-14 18:18:39] DashboardPage.ReceiveWaiterEventsAsync
Type: System.Net.WebSockets.WebSocketException
Message: Unable to connect to the remote server
Stack:    at System.Net.WebSockets.WebSocketHandle.ConnectAsync(Uri uri, HttpMessageInvoker invoker, CancellationToken cancellationToken, ClientWebSocketOptions options)
   at System.Net.WebSockets.ClientWebSocket.ConnectAsyncCore(Uri uri, HttpMessageInvoker invoker, CancellationToken cancellationToken)
   at GustoWaiter.Views.DashboardPage.ReceiveWaiterEventsAsync(CancellationToken ct) in C:\Users\Adithya\Desktop\demo1\pos_1st_cut\gusto_pos\GustoWaiter\Views\DashboardPage.xaml.cs:line 60
Inner: No connection could be made because the target machine actively refused it. (192.168.1.6:8000)
---
[2026-07-14 18:18:46] DashboardPage.ReceiveWaiterEventsAsync
Type: System.Net.WebSockets.WebSocketException
Message: Unable to connect to the remote server
Stack:    at System.Net.WebSockets.WebSocketHandle.ConnectAsync(Uri uri, HttpMessageInvoker invoker, CancellationToken cancellationToken, ClientWebSocketOptions options)
   at System.Net.WebSockets.ClientWebSocket.ConnectAsyncCore(Uri uri, HttpMessageInvoker invoker, CancellationToken cancellationToken)
   at GustoWaiter.Views.DashboardPage.ReceiveWaiterEventsAsync(CancellationToken ct) in C:\Users\Adithya\Desktop\demo1\pos_1st_cut\gusto_pos\GustoWaiter\Views\DashboardPage.xaml.cs:line 60
Inner: No connection could be made because the target machine actively refused it. (192.168.1.6:8000)
---
[2026-07-14 18:18:46] DashboardPage.ReceiveWaiterEventsAsync
Type: System.Net.WebSockets.WebSocketException
Message: Unable to connect to the remote server
Stack:    at System.Net.WebSockets.WebSocketHandle.ConnectAsync(Uri uri, HttpMessageInvoker invoker, CancellationToken cancellationToken, ClientWebSocketOptions options)
   at System.Net.WebSockets.ClientWebSocket.ConnectAsyncCore(Uri uri, HttpMessageInvoker invoker, CancellationToken cancellationToken)
   at GustoWaiter.Views.DashboardPage.ReceiveWaiterEventsAsync(CancellationToken ct) in C:\Users\Adithya\Desktop\demo1\pos_1st_cut\gusto_pos\GustoWaiter\Views\DashboardPage.xaml.cs:line 60
Inner: No connection could be made because the target machine actively refused it. (192.168.1.6:8000)
---
[2026-07-14 18:18:54] DashboardPage.ReceiveWaiterEventsAsync
Type: System.Net.WebSockets.WebSocketException
Message: Unable to connect to the remote server
Stack:    at System.Net.WebSockets.WebSocketHandle.ConnectAsync(Uri uri, HttpMessageInvoker invoker, CancellationToken cancellationToken, ClientWebSocketOptions options)
   at System.Net.WebSockets.ClientWebSocket.ConnectAsyncCore(Uri uri, HttpMessageInvoker invoker, CancellationToken cancellationToken)
   at GustoWaiter.Views.DashboardPage.ReceiveWaiterEventsAsync(CancellationToken ct) in C:\Users\Adithya\Desktop\demo1\pos_1st_cut\gusto_pos\GustoWaiter\Views\DashboardPage.xaml.cs:line 60
Inner: No connection could be made because the target machine actively refused it. (192.168.1.6:8000)
---
[2026-07-14 18:18:54] DashboardPage.ReceiveWaiterEventsAsync
Type: System.Net.WebSockets.WebSocketException
Message: Unable to connect to the remote server
Stack:    at System.Net.WebSockets.WebSocketHandle.ConnectAsync(Uri uri, HttpMessageInvoker invoker, CancellationToken cancellationToken, ClientWebSocketOptions options)
   at System.Net.WebSockets.ClientWebSocket.ConnectAsyncCore(Uri uri, HttpMessageInvoker invoker, CancellationToken cancellationToken)
   at GustoWaiter.Views.DashboardPage.ReceiveWaiterEventsAsync(CancellationToken ct) in C:\Users\Adithya\Desktop\demo1\pos_1st_cut\gusto_pos\GustoWaiter\Views\DashboardPage.xaml.cs:line 60
Inner: No connection could be made because the target machine actively refused it. (192.168.1.6:8000)
---
[2026-07-14 18:19:01] DashboardPage.ReceiveWaiterEventsAsync
Type: System.Net.WebSockets.WebSocketException
Message: Unable to connect to the remote server
Stack:    at System.Net.WebSockets.WebSocketHandle.ConnectAsync(Uri uri, HttpMessageInvoker invoker, CancellationToken cancellationToken, ClientWebSocketOptions options)
   at System.Net.WebSockets.ClientWebSocket.ConnectAsyncCore(Uri uri, HttpMessageInvoker invoker, CancellationToken cancellationToken)
   at GustoWaiter.Views.DashboardPage.ReceiveWaiterEventsAsync(CancellationToken ct) in C:\Users\Adithya\Desktop\demo1\pos_1st_cut\gusto_pos\GustoWaiter\Views\DashboardPage.xaml.cs:line 60
Inner: No connection could be made because the target machine actively refused it. (192.168.1.6:8000)
---
[2026-07-14 18:19:01] DashboardPage.ReceiveWaiterEventsAsync
Type: System.Net.WebSockets.WebSocketException
Message: Unable to connect to the remote server
Stack:    at System.Net.WebSockets.WebSocketHandle.ConnectAsync(Uri uri, HttpMessageInvoker invoker, CancellationToken cancellationToken, ClientWebSocketOptions options)
   at System.Net.WebSockets.ClientWebSocket.ConnectAsyncCore(Uri uri, HttpMessageInvoker invoker, CancellationToken cancellationToken)
   at GustoWaiter.Views.DashboardPage.ReceiveWaiterEventsAsync(CancellationToken ct) in C:\Users\Adithya\Desktop\demo1\pos_1st_cut\gusto_pos\GustoWaiter\Views\DashboardPage.xaml.cs:line 60
Inner: No connection could be made because the target machine actively refused it. (192.168.1.6:8000)
---
[2026-07-14 18:19:08] DashboardPage.ReceiveWaiterEventsAsync
Type: System.Net.WebSockets.WebSocketException
Message: Unable to connect to the remote server
Stack:    at System.Net.WebSockets.WebSocketHandle.ConnectAsync(Uri uri, HttpMessageInvoker invoker, CancellationToken cancellationToken, ClientWebSocketOptions options)
   at System.Net.WebSockets.ClientWebSocket.ConnectAsyncCore(Uri uri, HttpMessageInvoker invoker, CancellationToken cancellationToken)
   at GustoWaiter.Views.DashboardPage.ReceiveWaiterEventsAsync(CancellationToken ct) in C:\Users\Adithya\Desktop\demo1\pos_1st_cut\gusto_pos\GustoWaiter\Views\DashboardPage.xaml.cs:line 60
Inner: No connection could be made because the target machine actively refused it. (192.168.1.6:8000)
---
[2026-07-14 18:19:09] DashboardPage.ReceiveWaiterEventsAsync
Type: System.Net.WebSockets.WebSocketException
Message: Unable to connect to the remote server
Stack:    at System.Net.WebSockets.WebSocketHandle.ConnectAsync(Uri uri, HttpMessageInvoker invoker, CancellationToken cancellationToken, ClientWebSocketOptions options)
   at System.Net.WebSockets.ClientWebSocket.ConnectAsyncCore(Uri uri, HttpMessageInvoker invoker, CancellationToken cancellationToken)
   at GustoWaiter.Views.DashboardPage.ReceiveWaiterEventsAsync(CancellationToken ct) in C:\Users\Adithya\Desktop\demo1\pos_1st_cut\gusto_pos\GustoWaiter\Views\DashboardPage.xaml.cs:line 60
Inner: No connection could be made because the target machine actively refused it. (192.168.1.6:8000)
---
[2026-07-14 18:19:16] DashboardPage.ReceiveWaiterEventsAsync
Type: System.Net.WebSockets.WebSocketException
Message: Unable to connect to the remote server
Stack:    at System.Net.WebSockets.WebSocketHandle.ConnectAsync(Uri uri, HttpMessageInvoker invoker, CancellationToken cancellationToken, ClientWebSocketOptions options)
   at System.Net.WebSockets.ClientWebSocket.ConnectAsyncCore(Uri uri, HttpMessageInvoker invoker, CancellationToken cancellationToken)
   at GustoWaiter.Views.DashboardPage.ReceiveWaiterEventsAsync(CancellationToken ct) in C:\Users\Adithya\Desktop\demo1\pos_1st_cut\gusto_pos\GustoWaiter\Views\DashboardPage.xaml.cs:line 60
Inner: No connection could be made because the target machine actively refused it. (192.168.1.6:8000)
---
[2026-07-14 18:19:16] DashboardPage.ReceiveWaiterEventsAsync
Type: System.Net.WebSockets.WebSocketException
Message: Unable to connect to the remote server
Stack:    at System.Net.WebSockets.WebSocketHandle.ConnectAsync(Uri uri, HttpMessageInvoker invoker, CancellationToken cancellationToken, ClientWebSocketOptions options)
   at System.Net.WebSockets.ClientWebSocket.ConnectAsyncCore(Uri uri, HttpMessageInvoker invoker, CancellationToken cancellationToken)
   at GustoWaiter.Views.DashboardPage.ReceiveWaiterEventsAsync(CancellationToken ct) in C:\Users\Adithya\Desktop\demo1\pos_1st_cut\gusto_pos\GustoWaiter\Views\DashboardPage.xaml.cs:line 60
Inner: No connection could be made because the target machine actively refused it. (192.168.1.6:8000)
---
[2026-07-14 18:19:23] DashboardPage.ReceiveWaiterEventsAsync
Type: System.Net.WebSockets.WebSocketException
Message: Unable to connect to the remote server
Stack:    at System.Net.WebSockets.WebSocketHandle.ConnectAsync(Uri uri, HttpMessageInvoker invoker, CancellationToken cancellationToken, ClientWebSocketOptions options)
   at System.Net.WebSockets.ClientWebSocket.ConnectAsyncCore(Uri uri, HttpMessageInvoker invoker, CancellationToken cancellationToken)
   at GustoWaiter.Views.DashboardPage.ReceiveWaiterEventsAsync(CancellationToken ct) in C:\Users\Adithya\Desktop\demo1\pos_1st_cut\gusto_pos\GustoWaiter\Views\DashboardPage.xaml.cs:line 60
Inner: No connection could be made because the target machine actively refused it. (192.168.1.6:8000)
---
[2026-07-14 18:19:24] DashboardPage.ReceiveWaiterEventsAsync
Type: System.Net.WebSockets.WebSocketException
Message: Unable to connect to the remote server
Stack:    at System.Net.WebSockets.WebSocketHandle.ConnectAsync(Uri uri, HttpMessageInvoker invoker, CancellationToken cancellationToken, ClientWebSocketOptions options)
   at System.Net.WebSockets.ClientWebSocket.ConnectAsyncCore(Uri uri, HttpMessageInvoker invoker, CancellationToken cancellationToken)
   at GustoWaiter.Views.DashboardPage.ReceiveWaiterEventsAsync(CancellationToken ct) in C:\Users\Adithya\Desktop\demo1\pos_1st_cut\gusto_pos\GustoWaiter\Views\DashboardPage.xaml.cs:line 60
Inner: No connection could be made because the target machine actively refused it. (192.168.1.6:8000)
---
[2026-07-14 18:19:31] DashboardPage.ReceiveWaiterEventsAsync
Type: System.Net.WebSockets.WebSocketException
Message: Unable to connect to the remote server
Stack:    at System.Net.WebSockets.WebSocketHandle.ConnectAsync(Uri uri, HttpMessageInvoker invoker, CancellationToken cancellationToken, ClientWebSocketOptions options)
   at System.Net.WebSockets.ClientWebSocket.ConnectAsyncCore(Uri uri, HttpMessageInvoker invoker, CancellationToken cancellationToken)
   at GustoWaiter.Views.DashboardPage.ReceiveWaiterEventsAsync(CancellationToken ct) in C:\Users\Adithya\Desktop\demo1\pos_1st_cut\gusto_pos\GustoWaiter\Views\DashboardPage.xaml.cs:line 60
Inner: No connection could be made because the target machine actively refused it. (192.168.1.6:8000)
---
[2026-07-14 18:19:31] DashboardPage.ReceiveWaiterEventsAsync
Type: System.Net.WebSockets.WebSocketException
Message: Unable to connect to the remote server
Stack:    at System.Net.WebSockets.WebSocketHandle.ConnectAsync(Uri uri, HttpMessageInvoker invoker, CancellationToken cancellationToken, ClientWebSocketOptions options)
   at System.Net.WebSockets.ClientWebSocket.ConnectAsyncCore(Uri uri, HttpMessageInvoker invoker, CancellationToken cancellationToken)
   at GustoWaiter.Views.DashboardPage.ReceiveWaiterEventsAsync(CancellationToken ct) in C:\Users\Adithya\Desktop\demo1\pos_1st_cut\gusto_pos\GustoWaiter\Views\DashboardPage.xaml.cs:line 60
Inner: No connection could be made because the target machine actively refused it. (192.168.1.6:8000)
---
[2026-07-14 18:19:38] DashboardPage.ReceiveWaiterEventsAsync
Type: System.Net.WebSockets.WebSocketException
Message: Unable to connect to the remote server
Stack:    at System.Net.WebSockets.WebSocketHandle.ConnectAsync(Uri uri, HttpMessageInvoker invoker, CancellationToken cancellationToken, ClientWebSocketOptions options)
   at System.Net.WebSockets.ClientWebSocket.ConnectAsyncCore(Uri uri, HttpMessageInvoker invoker, CancellationToken cancellationToken)
   at GustoWaiter.Views.DashboardPage.ReceiveWaiterEventsAsync(CancellationToken ct) in C:\Users\Adithya\Desktop\demo1\pos_1st_cut\gusto_pos\GustoWaiter\Views\DashboardPage.xaml.cs:line 60
Inner: No connection could be made because the target machine actively refused it. (192.168.1.6:8000)
---
[2026-07-14 18:19:38] DashboardPage.ReceiveWaiterEventsAsync
Type: System.Net.WebSockets.WebSocketException
Message: Unable to connect to the remote server
Stack:    at System.Net.WebSockets.WebSocketHandle.ConnectAsync(Uri uri, HttpMessageInvoker invoker, CancellationToken cancellationToken, ClientWebSocketOptions options)
   at System.Net.WebSockets.ClientWebSocket.ConnectAsyncCore(Uri uri, HttpMessageInvoker invoker, CancellationToken cancellationToken)
   at GustoWaiter.Views.DashboardPage.ReceiveWaiterEventsAsync(CancellationToken ct) in C:\Users\Adithya\Desktop\demo1\pos_1st_cut\gusto_pos\GustoWaiter\Views\DashboardPage.xaml.cs:line 60
Inner: No connection could be made because the target machine actively refused it. (192.168.1.6:8000)
---
[2026-07-14 18:19:46] DashboardPage.ReceiveWaiterEventsAsync
Type: System.Net.WebSockets.WebSocketException
Message: Unable to connect to the remote server
Stack:    at System.Net.WebSockets.WebSocketHandle.ConnectAsync(Uri uri, HttpMessageInvoker invoker, CancellationToken cancellationToken, ClientWebSocketOptions options)
   at System.Net.WebSockets.ClientWebSocket.ConnectAsyncCore(Uri uri, HttpMessageInvoker invoker, CancellationToken cancellationToken)
   at GustoWaiter.Views.DashboardPage.ReceiveWaiterEventsAsync(CancellationToken ct) in C:\Users\Adithya\Desktop\demo1\pos_1st_cut\gusto_pos\GustoWaiter\Views\DashboardPage.xaml.cs:line 60
Inner: No connection could be made because the target machine actively refused it. (192.168.1.6:8000)
---
[2026-07-14 18:19:46] DashboardPage.ReceiveWaiterEventsAsync
Type: System.Net.WebSockets.WebSocketException
Message: Unable to connect to the remote server
Stack:    at System.Net.WebSockets.WebSocketHandle.ConnectAsync(Uri uri, HttpMessageInvoker invoker, CancellationToken cancellationToken, ClientWebSocketOptions options)
   at System.Net.WebSockets.ClientWebSocket.ConnectAsyncCore(Uri uri, HttpMessageInvoker invoker, CancellationToken cancellationToken)
   at GustoWaiter.Views.DashboardPage.ReceiveWaiterEventsAsync(CancellationToken ct) in C:\Users\Adithya\Desktop\demo1\pos_1st_cut\gusto_pos\GustoWaiter\Views\DashboardPage.xaml.cs:line 60
Inner: No connection could be made because the target machine actively refused it. (192.168.1.6:8000)
---
[2026-07-14 18:19:53] DashboardPage.ReceiveWaiterEventsAsync
Type: System.Net.WebSockets.WebSocketException
Message: Unable to connect to the remote server
Stack:    at System.Net.WebSockets.WebSocketHandle.ConnectAsync(Uri uri, HttpMessageInvoker invoker, CancellationToken cancellationToken, ClientWebSocketOptions options)
   at System.Net.WebSockets.ClientWebSocket.ConnectAsyncCore(Uri uri, HttpMessageInvoker invoker, CancellationToken cancellationToken)
   at GustoWaiter.Views.DashboardPage.ReceiveWaiterEventsAsync(CancellationToken ct) in C:\Users\Adithya\Desktop\demo1\pos_1st_cut\gusto_pos\GustoWaiter\Views\DashboardPage.xaml.cs:line 60
Inner: No connection could be made because the target machine actively refused it. (192.168.1.6:8000)
---
[2026-07-14 18:19:53] DashboardPage.ReceiveWaiterEventsAsync
Type: System.Net.WebSockets.WebSocketException
Message: Unable to connect to the remote server
Stack:    at System.Net.WebSockets.WebSocketHandle.ConnectAsync(Uri uri, HttpMessageInvoker invoker, CancellationToken cancellationToken, ClientWebSocketOptions options)
   at System.Net.WebSockets.ClientWebSocket.ConnectAsyncCore(Uri uri, HttpMessageInvoker invoker, CancellationToken cancellationToken)
   at GustoWaiter.Views.DashboardPage.ReceiveWaiterEventsAsync(CancellationToken ct) in C:\Users\Adithya\Desktop\demo1\pos_1st_cut\gusto_pos\GustoWaiter\Views\DashboardPage.xaml.cs:line 60
Inner: No connection could be made because the target machine actively refused it. (192.168.1.6:8000)
---
[2026-07-14 18:20:00] DashboardPage.ReceiveWaiterEventsAsync
Type: System.Net.WebSockets.WebSocketException
Message: Unable to connect to the remote server
Stack:    at System.Net.WebSockets.WebSocketHandle.ConnectAsync(Uri uri, HttpMessageInvoker invoker, CancellationToken cancellationToken, ClientWebSocketOptions options)
   at System.Net.WebSockets.ClientWebSocket.ConnectAsyncCore(Uri uri, HttpMessageInvoker invoker, CancellationToken cancellationToken)
   at GustoWaiter.Views.DashboardPage.ReceiveWaiterEventsAsync(CancellationToken ct) in C:\Users\Adithya\Desktop\demo1\pos_1st_cut\gusto_pos\GustoWaiter\Views\DashboardPage.xaml.cs:line 60
Inner: No connection could be made because the target machine actively refused it. (192.168.1.6:8000)
---
[2026-07-14 18:20:01] DashboardPage.ReceiveWaiterEventsAsync
Type: System.Net.WebSockets.WebSocketException
Message: Unable to connect to the remote server
Stack:    at System.Net.WebSockets.WebSocketHandle.ConnectAsync(Uri uri, HttpMessageInvoker invoker, CancellationToken cancellationToken, ClientWebSocketOptions options)
   at System.Net.WebSockets.ClientWebSocket.ConnectAsyncCore(Uri uri, HttpMessageInvoker invoker, CancellationToken cancellationToken)
   at GustoWaiter.Views.DashboardPage.ReceiveWaiterEventsAsync(CancellationToken ct) in C:\Users\Adithya\Desktop\demo1\pos_1st_cut\gusto_pos\GustoWaiter\Views\DashboardPage.xaml.cs:line 60
Inner: No connection could be made because the target machine actively refused it. (192.168.1.6:8000)
---
[2026-07-14 18:20:08] DashboardPage.ReceiveWaiterEventsAsync
Type: System.Net.WebSockets.WebSocketException
Message: Unable to connect to the remote server
Stack:    at System.Net.WebSockets.WebSocketHandle.ConnectAsync(Uri uri, HttpMessageInvoker invoker, CancellationToken cancellationToken, ClientWebSocketOptions options)
   at System.Net.WebSockets.ClientWebSocket.ConnectAsyncCore(Uri uri, HttpMessageInvoker invoker, CancellationToken cancellationToken)
   at GustoWaiter.Views.DashboardPage.ReceiveWaiterEventsAsync(CancellationToken ct) in C:\Users\Adithya\Desktop\demo1\pos_1st_cut\gusto_pos\GustoWaiter\Views\DashboardPage.xaml.cs:line 60
Inner: No connection could be made because the target machine actively refused it. (192.168.1.6:8000)
---
[2026-07-14 18:20:08] DashboardPage.ReceiveWaiterEventsAsync
Type: System.Net.WebSockets.WebSocketException
Message: Unable to connect to the remote server
Stack:    at System.Net.WebSockets.WebSocketHandle.ConnectAsync(Uri uri, HttpMessageInvoker invoker, CancellationToken cancellationToken, ClientWebSocketOptions options)
   at System.Net.WebSockets.ClientWebSocket.ConnectAsyncCore(Uri uri, HttpMessageInvoker invoker, CancellationToken cancellationToken)
   at GustoWaiter.Views.DashboardPage.ReceiveWaiterEventsAsync(CancellationToken ct) in C:\Users\Adithya\Desktop\demo1\pos_1st_cut\gusto_pos\GustoWaiter\Views\DashboardPage.xaml.cs:line 60
Inner: No connection could be made because the target machine actively refused it. (192.168.1.6:8000)
---
[2026-07-14 18:20:15] DashboardPage.ReceiveWaiterEventsAsync
Type: System.Net.WebSockets.WebSocketException
Message: Unable to connect to the remote server
Stack:    at System.Net.WebSockets.WebSocketHandle.ConnectAsync(Uri uri, HttpMessageInvoker invoker, CancellationToken cancellationToken, ClientWebSocketOptions options)
   at System.Net.WebSockets.ClientWebSocket.ConnectAsyncCore(Uri uri, HttpMessageInvoker invoker, CancellationToken cancellationToken)
   at GustoWaiter.Views.DashboardPage.ReceiveWaiterEventsAsync(CancellationToken ct) in C:\Users\Adithya\Desktop\demo1\pos_1st_cut\gusto_pos\GustoWaiter\Views\DashboardPage.xaml.cs:line 60
Inner: No connection could be made because the target machine actively refused it. (192.168.1.6:8000)
---
[2026-07-14 18:20:15] DashboardPage.ReceiveWaiterEventsAsync
Type: System.Net.WebSockets.WebSocketException
Message: Unable to connect to the remote server
Stack:    at System.Net.WebSockets.WebSocketHandle.ConnectAsync(Uri uri, HttpMessageInvoker invoker, CancellationToken cancellationToken, ClientWebSocketOptions options)
   at System.Net.WebSockets.ClientWebSocket.ConnectAsyncCore(Uri uri, HttpMessageInvoker invoker, CancellationToken cancellationToken)
   at GustoWaiter.Views.DashboardPage.ReceiveWaiterEventsAsync(CancellationToken ct) in C:\Users\Adithya\Desktop\demo1\pos_1st_cut\gusto_pos\GustoWaiter\Views\DashboardPage.xaml.cs:line 60
Inner: No connection could be made because the target machine actively refused it. (192.168.1.6:8000)
---
[2026-07-14 18:20:22] DashboardPage.ReceiveWaiterEventsAsync
Type: System.Net.WebSockets.WebSocketException
Message: Unable to connect to the remote server
Stack:    at System.Net.WebSockets.WebSocketHandle.ConnectAsync(Uri uri, HttpMessageInvoker invoker, CancellationToken cancellationToken, ClientWebSocketOptions options)
   at System.Net.WebSockets.ClientWebSocket.ConnectAsyncCore(Uri uri, HttpMessageInvoker invoker, CancellationToken cancellationToken)
   at GustoWaiter.Views.DashboardPage.ReceiveWaiterEventsAsync(CancellationToken ct) in C:\Users\Adithya\Desktop\demo1\pos_1st_cut\gusto_pos\GustoWaiter\Views\DashboardPage.xaml.cs:line 60
Inner: No connection could be made because the target machine actively refused it. (192.168.1.6:8000)
---
[2026-07-14 18:20:23] DashboardPage.ReceiveWaiterEventsAsync
Type: System.Net.WebSockets.WebSocketException
Message: Unable to connect to the remote server
Stack:    at System.Net.WebSockets.WebSocketHandle.ConnectAsync(Uri uri, HttpMessageInvoker invoker, CancellationToken cancellationToken, ClientWebSocketOptions options)
   at System.Net.WebSockets.ClientWebSocket.ConnectAsyncCore(Uri uri, HttpMessageInvoker invoker, CancellationToken cancellationToken)
   at GustoWaiter.Views.DashboardPage.ReceiveWaiterEventsAsync(CancellationToken ct) in C:\Users\Adithya\Desktop\demo1\pos_1st_cut\gusto_pos\GustoWaiter\Views\DashboardPage.xaml.cs:line 60
Inner: No connection could be made because the target machine actively refused it. (192.168.1.6:8000)
---
[2026-07-14 18:20:30] DashboardPage.ReceiveWaiterEventsAsync
Type: System.Net.WebSockets.WebSocketException
Message: Unable to connect to the remote server
Stack:    at System.Net.WebSockets.WebSocketHandle.ConnectAsync(Uri uri, HttpMessageInvoker invoker, CancellationToken cancellationToken, ClientWebSocketOptions options)
   at System.Net.WebSockets.ClientWebSocket.ConnectAsyncCore(Uri uri, HttpMessageInvoker invoker, CancellationToken cancellationToken)
   at GustoWaiter.Views.DashboardPage.ReceiveWaiterEventsAsync(CancellationToken ct) in C:\Users\Adithya\Desktop\demo1\pos_1st_cut\gusto_pos\GustoWaiter\Views\DashboardPage.xaml.cs:line 60
Inner: No connection could be made because the target machine actively refused it. (192.168.1.6:8000)
---
[2026-07-14 18:20:30] DashboardPage.ReceiveWaiterEventsAsync
Type: System.Net.WebSockets.WebSocketException
Message: Unable to connect to the remote server
Stack:    at System.Net.WebSockets.WebSocketHandle.ConnectAsync(Uri uri, HttpMessageInvoker invoker, CancellationToken cancellationToken, ClientWebSocketOptions options)
   at System.Net.WebSockets.ClientWebSocket.ConnectAsyncCore(Uri uri, HttpMessageInvoker invoker, CancellationToken cancellationToken)
   at GustoWaiter.Views.DashboardPage.ReceiveWaiterEventsAsync(CancellationToken ct) in C:\Users\Adithya\Desktop\demo1\pos_1st_cut\gusto_pos\GustoWaiter\Views\DashboardPage.xaml.cs:line 60
Inner: No connection could be made because the target machine actively refused it. (192.168.1.6:8000)
---
[2026-07-14 18:20:38] DashboardPage.ReceiveWaiterEventsAsync
Type: System.Net.WebSockets.WebSocketException
Message: Unable to connect to the remote server
Stack:    at System.Net.WebSockets.WebSocketHandle.ConnectAsync(Uri uri, HttpMessageInvoker invoker, CancellationToken cancellationToken, ClientWebSocketOptions options)
   at System.Net.WebSockets.ClientWebSocket.ConnectAsyncCore(Uri uri, HttpMessageInvoker invoker, CancellationToken cancellationToken)
   at GustoWaiter.Views.DashboardPage.ReceiveWaiterEventsAsync(CancellationToken ct) in C:\Users\Adithya\Desktop\demo1\pos_1st_cut\gusto_pos\GustoWaiter\Views\DashboardPage.xaml.cs:line 60
Inner: No connection could be made because the target machine actively refused it. (192.168.1.6:8000)
---
[2026-07-14 18:20:38] DashboardPage.ReceiveWaiterEventsAsync
Type: System.Net.WebSockets.WebSocketException
Message: Unable to connect to the remote server
Stack:    at System.Net.WebSockets.WebSocketHandle.ConnectAsync(Uri uri, HttpMessageInvoker invoker, CancellationToken cancellationToken, ClientWebSocketOptions options)
   at System.Net.WebSockets.ClientWebSocket.ConnectAsyncCore(Uri uri, HttpMessageInvoker invoker, CancellationToken cancellationToken)
   at GustoWaiter.Views.DashboardPage.ReceiveWaiterEventsAsync(CancellationToken ct) in C:\Users\Adithya\Desktop\demo1\pos_1st_cut\gusto_pos\GustoWaiter\Views\DashboardPage.xaml.cs:line 60
Inner: No connection could be made because the target machine actively refused it. (192.168.1.6:8000)
---
[2026-07-14 18:20:46] DashboardPage.ReceiveWaiterEventsAsync
Type: System.Net.WebSockets.WebSocketException
Message: Unable to connect to the remote server
Stack:    at System.Net.WebSockets.WebSocketHandle.ConnectAsync(Uri uri, HttpMessageInvoker invoker, CancellationToken cancellationToken, ClientWebSocketOptions options)
   at System.Net.WebSockets.ClientWebSocket.ConnectAsyncCore(Uri uri, HttpMessageInvoker invoker, CancellationToken cancellationToken)
   at GustoWaiter.Views.DashboardPage.ReceiveWaiterEventsAsync(CancellationToken ct) in C:\Users\Adithya\Desktop\demo1\pos_1st_cut\gusto_pos\GustoWaiter\Views\DashboardPage.xaml.cs:line 60
Inner: No connection could be made because the target machine actively refused it. (192.168.1.6:8000)
---
[2026-07-14 18:20:46] DashboardPage.ReceiveWaiterEventsAsync
Type: System.Net.WebSockets.WebSocketException
Message: Unable to connect to the remote server
Stack:    at System.Net.WebSockets.WebSocketHandle.ConnectAsync(Uri uri, HttpMessageInvoker invoker, CancellationToken cancellationToken, ClientWebSocketOptions options)
   at System.Net.WebSockets.ClientWebSocket.ConnectAsyncCore(Uri uri, HttpMessageInvoker invoker, CancellationToken cancellationToken)
   at GustoWaiter.Views.DashboardPage.ReceiveWaiterEventsAsync(CancellationToken ct) in C:\Users\Adithya\Desktop\demo1\pos_1st_cut\gusto_pos\GustoWaiter\Views\DashboardPage.xaml.cs:line 60
Inner: No connection could be made because the target machine actively refused it. (192.168.1.6:8000)
---
[2026-07-14 18:20:53] DashboardPage.ReceiveWaiterEventsAsync
Type: System.Net.WebSockets.WebSocketException
Message: Unable to connect to the remote server
Stack:    at System.Net.WebSockets.WebSocketHandle.ConnectAsync(Uri uri, HttpMessageInvoker invoker, CancellationToken cancellationToken, ClientWebSocketOptions options)
   at System.Net.WebSockets.ClientWebSocket.ConnectAsyncCore(Uri uri, HttpMessageInvoker invoker, CancellationToken cancellationToken)
   at GustoWaiter.Views.DashboardPage.ReceiveWaiterEventsAsync(CancellationToken ct) in C:\Users\Adithya\Desktop\demo1\pos_1st_cut\gusto_pos\GustoWaiter\Views\DashboardPage.xaml.cs:line 60
Inner: No connection could be made because the target machine actively refused it. (192.168.1.6:8000)
---
[2026-07-14 18:20:53] DashboardPage.ReceiveWaiterEventsAsync
Type: System.Net.WebSockets.WebSocketException
Message: Unable to connect to the remote server
Stack:    at System.Net.WebSockets.WebSocketHandle.ConnectAsync(Uri uri, HttpMessageInvoker invoker, CancellationToken cancellationToken, ClientWebSocketOptions options)
   at System.Net.WebSockets.ClientWebSocket.ConnectAsyncCore(Uri uri, HttpMessageInvoker invoker, CancellationToken cancellationToken)
   at GustoWaiter.Views.DashboardPage.ReceiveWaiterEventsAsync(CancellationToken ct) in C:\Users\Adithya\Desktop\demo1\pos_1st_cut\gusto_pos\GustoWaiter\Views\DashboardPage.xaml.cs:line 60
Inner: No connection could be made because the target machine actively refused it. (192.168.1.6:8000)
---
[2026-07-14 18:21:01] DashboardPage.ReceiveWaiterEventsAsync
Type: System.Net.WebSockets.WebSocketException
Message: Unable to connect to the remote server
Stack:    at System.Net.WebSockets.WebSocketHandle.ConnectAsync(Uri uri, HttpMessageInvoker invoker, CancellationToken cancellationToken, ClientWebSocketOptions options)
   at System.Net.WebSockets.ClientWebSocket.ConnectAsyncCore(Uri uri, HttpMessageInvoker invoker, CancellationToken cancellationToken)
   at GustoWaiter.Views.DashboardPage.ReceiveWaiterEventsAsync(CancellationToken ct) in C:\Users\Adithya\Desktop\demo1\pos_1st_cut\gusto_pos\GustoWaiter\Views\DashboardPage.xaml.cs:line 60
Inner: No connection could be made because the target machine actively refused it. (192.168.1.6:8000)
---
[2026-07-14 18:21:01] DashboardPage.ReceiveWaiterEventsAsync
Type: System.Net.WebSockets.WebSocketException
Message: Unable to connect to the remote server
Stack:    at System.Net.WebSockets.WebSocketHandle.ConnectAsync(Uri uri, HttpMessageInvoker invoker, CancellationToken cancellationToken, ClientWebSocketOptions options)
   at System.Net.WebSockets.ClientWebSocket.ConnectAsyncCore(Uri uri, HttpMessageInvoker invoker, CancellationToken cancellationToken)
   at GustoWaiter.Views.DashboardPage.ReceiveWaiterEventsAsync(CancellationToken ct) in C:\Users\Adithya\Desktop\demo1\pos_1st_cut\gusto_pos\GustoWaiter\Views\DashboardPage.xaml.cs:line 60
Inner: No connection could be made because the target machine actively refused it. (192.168.1.6:8000)
---
[2026-07-14 18:21:09] DashboardPage.ReceiveWaiterEventsAsync
Type: System.Net.WebSockets.WebSocketException
Message: Unable to connect to the remote server
Stack:    at System.Net.WebSockets.WebSocketHandle.ConnectAsync(Uri uri, HttpMessageInvoker invoker, CancellationToken cancellationToken, ClientWebSocketOptions options)
   at System.Net.WebSockets.ClientWebSocket.ConnectAsyncCore(Uri uri, HttpMessageInvoker invoker, CancellationToken cancellationToken)
   at GustoWaiter.Views.DashboardPage.ReceiveWaiterEventsAsync(CancellationToken ct) in C:\Users\Adithya\Desktop\demo1\pos_1st_cut\gusto_pos\GustoWaiter\Views\DashboardPage.xaml.cs:line 60
Inner: No connection could be made because the target machine actively refused it. (192.168.1.6:8000)
---
[2026-07-14 18:21:09] DashboardPage.ReceiveWaiterEventsAsync
Type: System.Net.WebSockets.WebSocketException
Message: Unable to connect to the remote server
Stack:    at System.Net.WebSockets.WebSocketHandle.ConnectAsync(Uri uri, HttpMessageInvoker invoker, CancellationToken cancellationToken, ClientWebSocketOptions options)
   at System.Net.WebSockets.ClientWebSocket.ConnectAsyncCore(Uri uri, HttpMessageInvoker invoker, CancellationToken cancellationToken)
   at GustoWaiter.Views.DashboardPage.ReceiveWaiterEventsAsync(CancellationToken ct) in C:\Users\Adithya\Desktop\demo1\pos_1st_cut\gusto_pos\GustoWaiter\Views\DashboardPage.xaml.cs:line 60
Inner: No connection could be made because the target machine actively refused it. (192.168.1.6:8000)
---
[2026-07-14 18:21:17] DashboardPage.ReceiveWaiterEventsAsync
Type: System.Net.WebSockets.WebSocketException
Message: Unable to connect to the remote server
Stack:    at System.Net.WebSockets.WebSocketHandle.ConnectAsync(Uri uri, HttpMessageInvoker invoker, CancellationToken cancellationToken, ClientWebSocketOptions options)
   at System.Net.WebSockets.ClientWebSocket.ConnectAsyncCore(Uri uri, HttpMessageInvoker invoker, CancellationToken cancellationToken)
   at GustoWaiter.Views.DashboardPage.ReceiveWaiterEventsAsync(CancellationToken ct) in C:\Users\Adithya\Desktop\demo1\pos_1st_cut\gusto_pos\GustoWaiter\Views\DashboardPage.xaml.cs:line 60
Inner: No connection could be made because the target machine actively refused it. (192.168.1.6:8000)
---
[2026-07-14 18:21:17] DashboardPage.ReceiveWaiterEventsAsync
Type: System.Net.WebSockets.WebSocketException
Message: Unable to connect to the remote server
Stack:    at System.Net.WebSockets.WebSocketHandle.ConnectAsync(Uri uri, HttpMessageInvoker invoker, CancellationToken cancellationToken, ClientWebSocketOptions options)
   at System.Net.WebSockets.ClientWebSocket.ConnectAsyncCore(Uri uri, HttpMessageInvoker invoker, CancellationToken cancellationToken)
   at GustoWaiter.Views.DashboardPage.ReceiveWaiterEventsAsync(CancellationToken ct) in C:\Users\Adithya\Desktop\demo1\pos_1st_cut\gusto_pos\GustoWaiter\Views\DashboardPage.xaml.cs:line 60
Inner: No connection could be made because the target machine actively refused it. (192.168.1.6:8000)
---
[2026-07-14 18:21:24] DashboardPage.ReceiveWaiterEventsAsync
Type: System.Net.WebSockets.WebSocketException
Message: Unable to connect to the remote server
Stack:    at System.Net.WebSockets.WebSocketHandle.ConnectAsync(Uri uri, HttpMessageInvoker invoker, CancellationToken cancellationToken, ClientWebSocketOptions options)
   at System.Net.WebSockets.ClientWebSocket.ConnectAsyncCore(Uri uri, HttpMessageInvoker invoker, CancellationToken cancellationToken)
   at GustoWaiter.Views.DashboardPage.ReceiveWaiterEventsAsync(CancellationToken ct) in C:\Users\Adithya\Desktop\demo1\pos_1st_cut\gusto_pos\GustoWaiter\Views\DashboardPage.xaml.cs:line 60
Inner: No connection could be made because the target machine actively refused it. (192.168.1.6:8000)
---
[2026-07-14 18:21:24] DashboardPage.ReceiveWaiterEventsAsync
Type: System.Net.WebSockets.WebSocketException
Message: Unable to connect to the remote server
Stack:    at System.Net.WebSockets.WebSocketHandle.ConnectAsync(Uri uri, HttpMessageInvoker invoker, CancellationToken cancellationToken, ClientWebSocketOptions options)
   at System.Net.WebSockets.ClientWebSocket.ConnectAsyncCore(Uri uri, HttpMessageInvoker invoker, CancellationToken cancellationToken)
   at GustoWaiter.Views.DashboardPage.ReceiveWaiterEventsAsync(CancellationToken ct) in C:\Users\Adithya\Desktop\demo1\pos_1st_cut\gusto_pos\GustoWaiter\Views\DashboardPage.xaml.cs:line 60
Inner: No connection could be made because the target machine actively refused it. (192.168.1.6:8000)
---
[2026-07-14 18:21:32] DashboardPage.ReceiveWaiterEventsAsync
Type: System.Net.WebSockets.WebSocketException
Message: Unable to connect to the remote server
Stack:    at System.Net.WebSockets.WebSocketHandle.ConnectAsync(Uri uri, HttpMessageInvoker invoker, CancellationToken cancellationToken, ClientWebSocketOptions options)
   at System.Net.WebSockets.ClientWebSocket.ConnectAsyncCore(Uri uri, HttpMessageInvoker invoker, CancellationToken cancellationToken)
   at GustoWaiter.Views.DashboardPage.ReceiveWaiterEventsAsync(CancellationToken ct) in C:\Users\Adithya\Desktop\demo1\pos_1st_cut\gusto_pos\GustoWaiter\Views\DashboardPage.xaml.cs:line 60
Inner: No connection could be made because the target machine actively refused it. (192.168.1.6:8000)
---
[2026-07-14 18:21:32] DashboardPage.ReceiveWaiterEventsAsync
Type: System.Net.WebSockets.WebSocketException
Message: Unable to connect to the remote server
Stack:    at System.Net.WebSockets.WebSocketHandle.ConnectAsync(Uri uri, HttpMessageInvoker invoker, CancellationToken cancellationToken, ClientWebSocketOptions options)
   at System.Net.WebSockets.ClientWebSocket.ConnectAsyncCore(Uri uri, HttpMessageInvoker invoker, CancellationToken cancellationToken)
   at GustoWaiter.Views.DashboardPage.ReceiveWaiterEventsAsync(CancellationToken ct) in C:\Users\Adithya\Desktop\demo1\pos_1st_cut\gusto_pos\GustoWaiter\Views\DashboardPage.xaml.cs:line 60
Inner: No connection could be made because the target machine actively refused it. (192.168.1.6:8000)
---
[2026-07-14 18:21:40] DashboardPage.ReceiveWaiterEventsAsync
Type: System.Net.WebSockets.WebSocketException
Message: Unable to connect to the remote server
Stack:    at System.Net.WebSockets.WebSocketHandle.ConnectAsync(Uri uri, HttpMessageInvoker invoker, CancellationToken cancellationToken, ClientWebSocketOptions options)
   at System.Net.WebSockets.ClientWebSocket.ConnectAsyncCore(Uri uri, HttpMessageInvoker invoker, CancellationToken cancellationToken)
   at GustoWaiter.Views.DashboardPage.ReceiveWaiterEventsAsync(CancellationToken ct) in C:\Users\Adithya\Desktop\demo1\pos_1st_cut\gusto_pos\GustoWaiter\Views\DashboardPage.xaml.cs:line 60
Inner: No connection could be made because the target machine actively refused it. (192.168.1.6:8000)
---
[2026-07-14 18:21:40] DashboardPage.ReceiveWaiterEventsAsync
Type: System.Net.WebSockets.WebSocketException
Message: Unable to connect to the remote server
Stack:    at System.Net.WebSockets.WebSocketHandle.ConnectAsync(Uri uri, HttpMessageInvoker invoker, CancellationToken cancellationToken, ClientWebSocketOptions options)
   at System.Net.WebSockets.ClientWebSocket.ConnectAsyncCore(Uri uri, HttpMessageInvoker invoker, CancellationToken cancellationToken)
   at GustoWaiter.Views.DashboardPage.ReceiveWaiterEventsAsync(CancellationToken ct) in C:\Users\Adithya\Desktop\demo1\pos_1st_cut\gusto_pos\GustoWaiter\Views\DashboardPage.xaml.cs:line 60
Inner: No connection could be made because the target machine actively refused it. (192.168.1.6:8000)
---
[2026-07-14 18:21:47] DashboardPage.ReceiveWaiterEventsAsync
Type: System.Net.WebSockets.WebSocketException
Message: Unable to connect to the remote server
Stack:    at System.Net.WebSockets.WebSocketHandle.ConnectAsync(Uri uri, HttpMessageInvoker invoker, CancellationToken cancellationToken, ClientWebSocketOptions options)
   at System.Net.WebSockets.ClientWebSocket.ConnectAsyncCore(Uri uri, HttpMessageInvoker invoker, CancellationToken cancellationToken)
   at GustoWaiter.Views.DashboardPage.ReceiveWaiterEventsAsync(CancellationToken ct) in C:\Users\Adithya\Desktop\demo1\pos_1st_cut\gusto_pos\GustoWaiter\Views\DashboardPage.xaml.cs:line 60
Inner: No connection could be made because the target machine actively refused it. (192.168.1.6:8000)
---
